PassengerId,Survived,Age,SibSp,Parch,Fare,Cabin_No,Cabin_Yes,Embarked_C,Embarked_Q,Embarked_S,Sex_female,Sex_male,Pclass_1,Pclass_2,Pclass_3,Sex_Pclass_female_1,Sex_Pclass_female_2,Sex_Pclass_female_3,Sex_Pclass_male_1,Sex_Pclass_male_2,Sex_Pclass_male_3,Age_scaled,Fare_scaled
1,0,22.0,1,0,7.25,1,0,0,0,1,0,1,0,0,1,0,0,0,0,0,1,-0.56138008091,-0.502445171436
2,1,38.0,1,0,71.2833,0,1,1,0,0,1,0,1,0,0,1,0,0,0,0,0,0.613170753031,0.786845293588
3,1,26.0,0,0,7.925,1,0,0,0,1,1,0,0,0,1,0,0,1,0,0,0,-0.267742372425,-0.488854257585
4,1,35.0,1,0,53.1,0,1,0,0,1,1,0,1,0,0,1,0,0,0,0,0,0.392942471667,0.420730236069
5,0,35.0,0,0,8.05,1,0,0,0,1,0,1,0,0,1,0,0,0,0,0,1,0.392942471667,-0.486337421687
6,0,23.8389525861,0,0,8.4583,1,0,0,1,0,0,1,0,0,1,0,0,0,0,0,1,-0.426383625063,-0.478116428909
7,0,54.0,0,0,51.8625,0,1,0,0,1,0,1,1,0,0,0,0,0,1,0,0,1.78772158697,0.395813560675
8,0,2.0,3,1,21.075,1,0,0,0,1,0,1,0,0,1,0,0,0,0,0,1,-2.02956862334,-0.224083121082
9,1,27.0,0,2,11.1333,1,0,0,0,1,1,0,0,0,1,0,0,1,0,0,0,-0.194332945304,-0.424256140685
10,1,14.0,1,0,30.0708,1,0,1,0,0,1,0,0,1,0,0,1,0,0,0,0,-1.14865549788,-0.0429555020886
11,1,4.0,1,1,16.7,0,1,0,0,1,1,0,0,0,1,0,0,1,0,0,0,-1.88274976909,-0.312172377523
12,1,58.0,0,0,26.55,0,1,0,0,1,1,0,1,0,0,1,0,0,0,0,0,2.08135929546,-0.113845708735
13,0,20.0,0,0,8.05,1,0,0,0,1,0,1,0,0,1,0,0,0,0,0,1,-0.708198935153,-0.486337421687
14,0,39.0,1,5,31.275,1,0,0,0,1,0,1,0,0,1,0,0,0,0,0,1,0.686580180152,-0.0187093117785
15,0,14.0,0,0,7.8542,1,0,0,0,1,1,0,0,0,1,0,0,1,0,0,0,-1.14865549788,-0.490279793438
16,1,55.0,0,0,16.0,1,0,0,0,1,1,0,0,1,0,0,1,0,0,0,0,1.86113101409,-0.326266658554
17,0,2.0,4,1,29.125,1,0,0,1,0,0,1,0,0,1,0,0,0,0,0,1,-2.02956862334,-0.0619988892297
18,1,32.0664930501,0,0,13.0,1,0,0,0,1,0,1,0,1,0,0,0,0,0,1,0,0.177595407015,-0.386670720113
19,0,31.0,1,0,18.0,1,0,0,0,1,1,0,0,0,1,0,0,1,0,0,0,0.0993047631816,-0.28599728418
20,1,29.5182051421,0,0,7.225,1,0,1,0,0,1,0,0,0,1,0,0,1,0,0,0,-0.0094729484496,-0.502948538616
21,0,35.0,0,0,26.0,1,0,0,0,1,0,1,0,1,0,0,0,0,0,1,0,0.392942471667,-0.124919786688
22,1,34.0,0,0,13.0,0,1,0,0,1,0,1,0,1,0,0,0,0,0,1,0,0.319533044546,-0.386670720113
23,1,15.0,0,0,8.0292,1,0,0,1,0,1,0,0,0,1,0,0,1,0,0,0,-1.07524607076,-0.48675622318
24,1,28.0,0,0,35.5,0,1,0,0,1,0,1,1,0,0,0,0,0,1,0,0,-0.120923518182,0.0663597415848
25,0,8.0,3,1,21.075,1,0,0,0,1,1,0,0,0,1,0,0,1,0,0,0,-1.58911206061,-0.224083121082
26,1,38.0,1,5,31.3875,1,0,0,0,1,1,0,0,0,1,0,0,1,0,0,0,0.613170753031,-0.01644415947
27,0,29.5182051421,0,0,7.225,1,0,1,0,0,0,1,0,0,1,0,0,0,0,0,1,-0.0094729484496,-0.502948538616
28,0,19.0,3,2,263.0,0,1,0,0,1,0,1,1,0,0,0,0,0,1,0,0,-0.781608362274,4.64700107653
29,1,22.3801132388,0,0,7.8792,1,0,0,1,0,1,0,0,0,1,0,0,1,0,0,0,-0.533476185807,-0.489776426258
30,0,27.9472061629,0,0,7.8958,1,0,0,0,1,0,1,0,0,1,0,0,0,0,0,1,-0.124799083517,-0.489442190451
31,0,40.0,0,0,27.7208,1,0,1,0,0,0,1,1,0,0,0,0,0,1,0,0,0.759989607273,-0.0902720169771
32,1,36.1080482222,1,0,146.5208,0,1,1,0,0,1,0,1,0,0,1,0,0,0,0,0,0.474283656883,2.30172882079
33,1,35.295824299,0,0,7.75,1,0,0,1,0,1,0,0,0,1,0,0,1,0,0,0,0.414658763987,-0.492377827843
34,0,66.0,0,0,10.5,1,0,0,0,1,0,1,0,1,0,0,0,0,0,1,0,2.66863471243,-0.43700743808
35,0,28.0,1,0,82.1708,1,0,1,0,0,0,1,1,0,0,0,0,0,1,0,0,-0.120923518182,1.00606170033
36,0,42.0,1,0,52.0,1,0,0,0,1,0,1,1,0,0,0,0,0,1,0,0,0.906808461516,0.398582080163
37,1,22.8763068619,0,0,7.2292,1,0,1,0,0,0,1,0,0,1,0,0,0,0,0,1,-0.497050896197,-0.50286397293
38,0,21.0,0,0,8.05,1,0,0,0,1,0,1,0,0,1,0,0,0,0,0,1,-0.634789508032,-0.486337421687
39,0,18.0,2,0,18.0,1,0,0,0,1,1,0,0,0,1,0,0,1,0,0,0,-0.855017789395,-0.28599728418
40,1,14.0,1,0,11.2417,1,0,1,0,0,1,0,0,0,1,0,0,1,0,0,0,-1.14865549788,-0.422073540594
41,0,40.0,1,0,9.475,1,0,0,0,1,1,0,0,0,1,0,0,1,0,0,0,0.759989607273,-0.457645492446
42,0,27.0,1,0,21.0,1,0,0,0,1,1,0,0,1,0,0,1,0,0,0,0,-0.194332945304,-0.225593222621
43,0,27.9472061629,0,0,7.8958,1,0,1,0,0,0,1,0,0,1,0,0,0,0,0,1,-0.124799083517,-0.489442190451
44,1,3.0,1,2,41.5792,1,0,1,0,0,1,0,0,1,0,0,1,0,0,0,0,-1.95615919622,0.188762531929
45,1,19.0,0,0,7.8792,1,0,0,1,0,1,0,0,0,1,0,0,1,0,0,0,-0.781608362274,-0.489776426258
46,0,30.7057267793,0,0,8.05,1,0,0,0,1,0,1,0,0,1,0,0,0,0,0,1,0.0777023346307,-0.486337421687
47,0,33.1289853535,1,0,15.5,1,0,0,1,0,0,1,0,0,1,0,0,0,0,0,1,0.255592358334,-0.336334002147
48,1,35.295824299,0,0,7.75,1,0,0,1,0,1,0,0,0,1,0,0,1,0,0,0,0.414658763987,-0.492377827843
49,0,23.4596833333,2,0,21.6792,1,0,1,0,0,0,1,0,0,1,0,0,0,0,0,1,-0.454225563632,-0.211917743084
50,0,18.0,1,0,17.8,1,0,0,0,1,1,0,0,0,1,0,0,1,0,0,0,-0.855017789395,-0.290024221618
51,0,7.0,4,1,39.6875,1,0,0,0,1,0,1,0,0,1,0,0,0,0,0,1,-1.66252148773,0.150673744179
52,0,21.0,0,0,7.8,1,0,0,0,1,0,1,0,0,1,0,0,0,0,0,1,-0.634789508032,-0.491371093484
53,1,49.0,1,0,76.7292,0,1,1,0,0,1,0,1,0,0,1,0,0,0,0,0,1.42067445137,0.896496786538
54,1,29.0,1,0,26.0,1,0,0,0,1,1,0,0,1,0,0,1,0,0,0,0,-0.047514091061,-0.124919786688
55,0,65.0,0,1,61.9792,0,1,1,0,0,0,1,1,0,0,0,0,0,1,0,0,2.59522528531,0.599510150536
56,1,44.0648303571,0,0,35.5,0,1,0,0,1,0,1,1,0,0,0,0,0,1,0,0,1.05838647514,0.0663597415848
57,1,21.0,0,0,10.5,1,0,0,0,1,1,0,0,1,0,0,1,0,0,0,0,-0.634789508032,-0.43700743808
58,0,28.5,0,0,7.2292,1,0,1,0,0,0,1,0,0,1,0,0,0,0,0,1,-0.0842188046217,-0.50286397293
59,1,5.0,1,2,27.75,1,0,0,0,1,1,0,0,1,0,0,1,0,0,0,0,-1.80934034197,-0.0896840841112
60,0,11.0,5,2,46.9,1,0,0,0,1,0,1,0,0,1,0,0,0,0,0,1,-1.36888377924,0.295895175512
61,0,22.0,0,0,7.2292,1,0,1,0,0,0,1,0,0,1,0,0,0,0,0,1,-0.56138008091,-0.50286397293
62,1,38.0,0,0,80.0,0,1,0,0,0,1,0,1,0,0,1,0,0,0,0,0,0.613170753031,0.962353321388
63,0,45.0,1,0,83.475,0,1,0,0,1,0,1,1,0,0,0,0,0,1,0,0,1.12703674288,1.03232135936
64,0,4.0,3,2,27.9,1,0,0,0,1,0,1,0,0,1,0,0,0,0,0,1,-1.88274976909,-0.0866638810332
65,0,41.2000884776,0,0,27.7208,1,0,1,0,0,0,1,1,0,0,0,0,0,1,0,0,0.848087414912,-0.0902720169771
66,1,17.0999159524,1,1,15.2458,1,0,1,0,0,0,1,0,0,1,0,0,0,0,0,1,-0.921092443692,-0.34145223963
67,1,29.0,0,0,10.5,0,1,0,0,1,1,0,0,1,0,0,1,0,0,0,0,-0.047514091061,-0.43700743808
68,0,19.0,0,0,8.1583,1,0,0,0,1,0,1,0,0,1,0,0,0,0,0,1,-0.781608362274,-0.484156835065
69,1,17.0,4,2,7.925,1,0,0,0,1,1,0,0,0,1,0,0,1,0,0,0,-0.928427216517,-0.488854257585
70,0,26.0,2,0,8.6625,1,0,0,0,1,0,1,0,0,1,0,0,0,0,0,1,-0.267742372425,-0.474004925785
71,0,32.0,0,0,10.5,1,0,0,0,1,0,1,0,1,0,0,0,0,0,1,0,0.172714190303,-0.43700743808
72,0,16.0,5,2,46.9,1,0,0,0,1,1,0,0,0,1,0,0,1,0,0,0,-1.00183664364,0.295895175512
73,0,21.0,0,0,73.5,1,0,0,0,1,0,1,0,1,0,0,0,0,0,1,0,-0.634789508032,0.831477854675
74,0,26.0,1,0,14.4542,1,0,1,0,0,0,1,0,0,1,0,0,0,0,0,1,-0.267742372425,-0.357390858007
75,1,32.0,0,0,56.4958,1,0,0,0,1,0,1,0,0,1,0,0,0,0,0,1,0.172714190303,0.489103606817
76,0,25.0,0,0,7.65,0,1,0,0,1,0,1,0,0,1,0,0,0,0,0,1,-0.341151799546,-0.494391296562
77,0,27.9472061629,0,0,7.8958,1,0,0,0,1,0,1,0,0,1,0,0,0,0,0,1,-0.124799083517,-0.489442190451
78,0,30.7057267793,0,0,8.05,1,0,0,0,1,0,1,0,0,1,0,0,0,0,0,1,0.0777023346307,-0.486337421687
79,1,0.83,0,2,29.0,1,0,0,0,1,0,1,0,1,0,0,0,0,0,1,0,-2.11545765307,-0.064515725128
80,1,30.0,0,0,12.475,1,0,0,0,1,1,0,0,0,1,0,0,1,0,0,0,0.0258953360603,-0.397241430886
81,0,22.0,0,0,9.0,1,0,0,0,1,0,1,0,0,1,0,0,0,0,0,1,-0.56138008091,-0.46720946886
82,1,29.0,0,0,9.5,1,0,0,0,1,0,1,0,0,1,0,0,0,0,0,1,-0.047514091061,-0.457142125266
83,1,23.3226273886,0,0,7.7875,1,0,0,1,0,1,0,0,0,1,0,0,1,0,0,0,-0.464286762019,-0.491622777073
84,0,28.0,0,0,47.1,1,0,0,0,1,0,1,1,0,0,0,0,0,1,0,0,-0.120923518182,0.299922112949
85,1,17.0,0,0,10.5,1,0,0,0,1,1,0,0,1,0,0,1,0,0,0,0,-0.928427216517,-0.43700743808
86,1,33.0,3,0,15.85,1,0,0,0,1,1,0,0,0,1,0,0,1,0,0,0,0.246123617424,-0.329286861632
87,0,16.0,1,3,34.375,1,0,0,0,1,0,1,0,0,1,0,0,0,0,0,1,-1.00183664364,0.0437082184999
88,0,30.7057267793,0,0,8.05,1,0,0,0,1,0,1,0,0,1,0,0,0,0,0,1,0.0777023346307,-0.486337421687
89,1,23.0,3,2,263.0,0,1,0,0,1,1,0,1,0,0,1,0,0,0,0,0,-0.487970653789,4.64700107653
90,0,24.0,0,0,8.05,1,0,0,0,1,0,1,0,0,1,0,0,0,0,0,1,-0.414561226668,-0.486337421687
91,0,29.0,0,0,8.05,1,0,0,0,1,0,1,0,0,1,0,0,0,0,0,1,-0.047514091061,-0.486337421687
92,0,20.0,0,0,7.8542,1,0,0,0,1,0,1,0,0,1,0,0,0,0,0,1,-0.708198935153,-0.490279793438
93,0,46.0,1,0,61.175,0,1,0,0,1,0,1,1,0,0,0,0,0,1,0,0,1.20044617,0.5833178351
94,0,26.0,1,2,20.575,1,0,0,0,1,0,1,0,0,1,0,0,0,0,0,1,-0.267742372425,-0.234150464675
95,0,59.0,0,0,7.25,1,0,0,0,1,0,1,0,0,1,0,0,0,0,0,1,2.15476872258,-0.502445171436
96,0,30.7057267793,0,0,8.05,1,0,0,0,1,0,1,0,0,1,0,0,0,0,0,1,0.0777023346307,-0.486337421687
97,0,71.0,0,0,34.6542,0,1,1,0,0,0,1,1,0,0,0,0,0,1,0,0,3.03568184803,0.0493298231624
98,1,23.0,0,1,63.3583,0,1,1,0,0,0,1,1,0,0,0,0,0,1,0,0,-0.487970653789,0.627277897635
99,1,34.0,0,1,23.0,1,0,0,0,1,1,0,0,1,0,0,1,0,0,0,0,0.319533044546,-0.185323848248
100,0,34.0,1,0,26.0,1,0,0,0,1,0,1,0,1,0,0,0,0,0,1,0,0.319533044546,-0.124919786688
101,0,28.0,0,0,7.8958,1,0,0,0,1,1,0,0,0,1,0,0,1,0,0,0,-0.120923518182,-0.489442190451
102,0,27.9472061629,0,0,7.8958,1,0,0,0,1,0,1,0,0,1,0,0,0,0,0,1,-0.124799083517,-0.489442190451
103,0,21.0,0,1,77.2875,0,1,0,0,1,0,1,1,0,0,0,0,0,1,0,0,-0.634789508032,0.907737982394
104,0,33.0,0,0,8.6542,1,0,0,0,1,0,1,0,0,1,0,0,0,0,0,1,0.246123617424,-0.474172043689
105,0,37.0,2,0,7.925,1,0,0,0,1,0,1,0,0,1,0,0,0,0,0,1,0.539761325909,-0.488854257585
106,0,28.0,0,0,7.8958,1,0,0,0,1,0,1,0,0,1,0,0,0,0,0,1,-0.120923518182,-0.489442190451
107,1,21.0,0,0,7.65,1,0,0,0,1,1,0,0,0,1,0,0,1,0,0,0,-0.634789508032,-0.494391296562
108,1,27.5154542629,0,0,7.775,1,0,0,0,1,0,1,0,0,1,0,0,0,0,0,1,-0.15649374316,-0.491874460663
109,0,38.0,0,0,7.8958,1,0,0,0,1,0,1,0,0,1,0,0,0,0,0,1,0.613170753031,-0.489442190451
110,1,33.551175909,1,0,24.15,1,0,0,1,0,1,0,0,0,1,0,0,1,0,0,0,0.286585125145,-0.162168957983
111,0,47.0,0,0,52.0,0,1,0,0,1,0,1,1,0,0,0,0,0,1,0,0,1.27385559712,0.398582080163
112,0,14.5,1,0,14.4542,1,0,1,0,0,1,0,0,0,1,0,0,1,0,0,0,-1.11195078432,-0.357390858007
113,0,22.0,0,0,8.05,1,0,0,0,1,0,1,0,0,1,0,0,0,0,0,1,-0.56138008091,-0.486337421687
114,0,20.0,1,0,9.825,1,0,0,0,1,1,0,0,0,1,0,0,1,0,0,0,-0.708198935153,-0.450598351931
115,0,17.0,0,0,14.4583,1,0,1,0,0,1,0,0,0,1,0,0,1,0,0,0,-0.928427216517,-0.357308305789
116,0,21.0,0,0,7.925,1,0,0,0,1,0,1,0,0,1,0,0,0,0,0,1,-0.634789508032,-0.488854257585
117,0,70.5,0,0,7.75,1,0,0,1,0,0,1,0,0,1,0,0,0,0,0,1,2.99897713447,-0.492377827843
118,0,29.0,1,0,21.0,1,0,0,0,1,0,1,0,1,0,0,0,0,0,1,0,-0.047514091061,-0.225593222621
119,0,24.0,0,1,247.5208,0,1,1,0,0,0,1,1,0,0,0,0,0,1,0,0,-0.414561226668,4.33533222663
120,0,2.0,4,2,31.275,1,0,0,0,1,1,0,0,0,1,0,0,1,0,0,0,-2.02956862334,-0.0187093117785
121,0,21.0,2,0,73.5,1,0,0,0,1,0,1,0,1,0,0,0,0,0,1,0,-0.634789508032,0.831477854675
122,0,30.7057267793,0,0,8.05,1,0,0,0,1,0,1,0,0,1,0,0,0,0,0,1,0.0777023346307,-0.486337421687
123,0,32.5,1,0,30.0708,1,0,1,0,0,0,1,0,1,0,0,0,0,0,1,0,0.209418903864,-0.0429555020886
124,1,32.5,0,0,13.0,0,1,0,0,1,1,0,0,1,0,0,1,0,0,0,0,0.209418903864,-0.386670720113
125,0,54.0,0,1,77.2875,0,1,0,0,1,0,1,1,0,0,0,0,0,1,0,0,1.78772158697,0.907737982394
126,1,12.0,1,0,11.2417,1,0,1,0,0,0,1,0,0,1,0,0,0,0,0,1,-1.29547435212,-0.422073540594
127,0,35.295824299,0,0,7.75,1,0,0,1,0,0,1,0,0,1,0,0,0,0,0,1,0.414658763987,-0.492377827843
128,1,24.0,0,0,7.1417,1,0,0,0,1,0,1,0,0,1,0,0,0,0,0,1,-0.414561226668,-0.504625758058
129,1,25.7833769841,1,1,22.3583,0,1,1,0,0,1,0,0,0,1,0,0,1,0,0,0,-0.283644543921,-0.198244277015
130,0,45.0,0,0,6.975,1,0,0,0,1,0,1,0,0,1,0,0,0,0,0,1,1.12703674288,-0.507982210413
131,0,33.0,0,0,7.8958,1,0,1,0,0,0,1,0,0,1,0,0,0,0,0,1,0.246123617424,-0.489442190451
132,0,20.0,0,0,7.05,1,0,0,0,1,0,1,0,0,1,0,0,0,0,0,1,-0.708198935153,-0.506472108874
133,0,47.0,1,0,14.5,1,0,0,0,1,1,0,0,0,1,0,0,1,0,0,0,1.27385559712,-0.356468689333
134,1,29.0,1,0,26.0,1,0,0,0,1,1,0,0,1,0,0,1,0,0,0,0,-0.047514091061,-0.124919786688
135,0,25.0,0,0,13.0,1,0,0,0,1,0,1,0,1,0,0,0,0,0,1,0,-0.341151799546,-0.386670720113
136,0,23.0,0,0,15.0458,1,0,1,0,0,0,1,0,1,0,0,0,0,0,1,0,-0.487970653789,-0.345479177067
137,1,19.0,0,2,26.2833,0,1,0,0,1,1,0,1,0,0,1,0,0,0,0,0,-0.781608362274,-0.119215629808
138,0,37.0,1,0,53.1,0,1,0,0,1,0,1,1,0,0,0,0,0,1,0,0,0.539761325909,0.420730236069
139,0,16.0,0,0,9.2167,1,0,0,0,1,0,1,0,0,1,0,0,0,0,0,1,-1.00183664364,-0.462846282146
140,0,24.0,0,0,79.2,0,1,1,0,0,0,1,1,0,0,0,0,0,1,0,0,-0.414561226668,0.946245571638
141,0,25.3440958333,0,2,15.2458,1,0,1,0,0,1,0,0,0,1,0,0,1,0,0,0,-0.315891921546,-0.34145223963
142,1,22.0,0,0,7.75,1,0,0,0,1,1,0,0,0,1,0,0,1,0,0,0,-0.56138008091,-0.492377827843
143,1,24.0,1,0,15.85,1,0,0,0,1,1,0,0,0,1,0,0,1,0,0,0,-0.414561226668,-0.329286861632
144,0,19.0,0,0,6.75,1,0,0,1,0,0,1,0,0,1,0,0,0,0,0,1,-0.781608362274,-0.512512515029
145,0,18.0,0,0,11.5,1,0,0,0,1,0,1,0,1,0,0,0,0,0,1,0,-0.855017789395,-0.416872750893
146,0,19.0,1,1,36.75,1,0,0,0,1,0,1,0,1,0,0,0,0,0,1,0,-0.781608362274,0.091528100568
147,1,27.0,0,0,7.7958,1,0,0,0,1,0,1,0,0,1,0,0,0,0,0,1,-0.194332945304,-0.49145565917
148,0,9.0,2,2,34.375,1,0,0,0,1,1,0,0,0,1,0,0,1,0,0,0,-1.51570263349,0.0437082184999
149,0,36.5,0,2,26.0,0,1,0,0,1,0,1,0,1,0,0,0,0,0,1,0,0.503056612349,-0.124919786688
150,0,42.0,0,0,13.0,1,0,0,0,1,0,1,0,1,0,0,0,0,0,1,0,0.906808461516,-0.386670720113
151,0,51.0,0,0,12.525,1,0,0,0,1,0,1,0,1,0,0,0,0,0,1,0,1.56749330561,-0.396234696527
152,1,22.0,1,0,66.6,0,1,0,0,1,1,0,1,0,0,1,0,0,0,0,0,-0.56138008091,0.692548513088
153,0,55.5,0,0,8.05,1,0,0,0,1,0,1,0,0,1,0,0,0,0,0,1,1.89783572765,-0.486337421687
154,0,40.5,0,2,14.5,1,0,0,0,1,0,1,0,0,1,0,0,0,0,0,1,0.796694320834,-0.356468689333
155,0,29.7827961298,0,0,7.3125,1,0,0,0,1,0,1,0,0,1,0,0,0,0,0,1,0.00995052438038,-0.501186753487
156,0,51.0,0,1,61.3792,1,0,1,0,0,0,1,1,0,0,0,0,0,1,0,0,1.56749330561,0.587429338224
157,1,16.0,0,0,7.7333,1,0,0,1,0,1,0,0,0,1,0,0,1,0,0,0,-1.00183664364,-0.492714077119
158,0,30.0,0,0,8.05,1,0,0,0,1,0,1,0,0,1,0,0,0,0,0,1,0.0258953360603,-0.486337421687
159,0,25.5234033438,0,0,8.6625,1,0,0,0,1,0,1,0,0,1,0,0,0,0,0,1,-0.302729059926,-0.474004925785
160,0,10.8698669567,8,2,69.55,1,0,0,0,1,0,1,0,0,1,0,0,0,0,0,1,-1.37843677141,0.751945840288
161,0,44.0,0,1,16.1,1,0,0,0,1,0,1,0,0,1,0,0,0,0,0,1,1.05362731576,-0.324253189835
162,1,40.0,0,0,15.75,1,0,0,0,1,1,0,0,1,0,0,1,0,0,0,0,0.759989607273,-0.33130033035
163,0,26.0,0,0,7.775,1,0,0,0,1,0,1,0,0,1,0,0,0,0,0,1,-0.267742372425,-0.491874460663
164,0,17.0,0,0,8.6625,1,0,0,0,1,0,1,0,0,1,0,0,0,0,0,1,-0.928427216517,-0.474004925785
165,0,1.0,4,1,39.6875,1,0,0,0,1,0,1,0,0,1,0,0,0,0,0,1,-2.10297805046,0.150673744179
166,1,9.0,0,2,20.525,1,0,0,0,1,0,1,0,0,1,0,0,0,0,0,1,-1.51570263349,-0.235157199034
167,1,26.0318821429,0,1,55.0,0,1,0,0,1,1,0,1,0,0,1,0,0,0,0,0,-0.265401922582,0.458986141723
168,0,45.0,1,4,27.9,1,0,0,0,1,1,0,0,0,1,0,0,1,0,0,0,1.12703674288,-0.0866638810332
169,0,49.5542755952,0,0,25.925,1,0,0,0,1,0,1,1,0,0,0,0,0,1,0,0,1.46136350528,-0.126429888227
170,0,28.0,0,0,56.4958,1,0,0,0,1,0,1,0,0,1,0,0,0,0,0,1,-0.120923518182,0.489103606817
171,0,61.0,0,0,33.5,0,1,0,0,1,0,1,1,0,0,0,0,0,1,0,0,2.30158757682,0.0260903672116
172,0,4.0,4,1,29.125,1,0,0,1,0,0,1,0,0,1,0,0,0,0,0,1,-1.88274976909,-0.0619988892297
173,1,1.0,1,1,11.1333,1,0,0,0,1,1,0,0,0,1,0,0,1,0,0,0,-2.10297805046,-0.424256140685
174,0,21.0,0,0,7.925,1,0,0,0,1,0,1,0,0,1,0,0,0,0,0,1,-0.634789508032,-0.488854257585
175,0,56.0,0,0,30.6958,0,1,1,0,0,0,1,1,0,0,0,0,0,1,0,0,1.93454044121,-0.030371322597
176,0,18.0,1,1,7.8542,1,0,0,0,1,0,1,0,0,1,0,0,0,0,0,1,-0.855017789395,-0.490279793438
177,0,7.30954704185,3,1,25.4667,1,0,0,0,1,0,1,0,0,1,0,0,0,0,0,1,-1.63979781672,-0.135657615364
178,0,50.0,0,0,28.7125,0,1,1,0,0,1,0,1,0,0,1,0,0,0,0,0,1.49408387849,-0.0703044476942
179,0,30.0,0,0,13.0,1,0,0,0,1,0,1,0,1,0,0,0,0,0,1,0,0.0258953360603,-0.386670720113
180,0,36.0,0,0,0.0,1,0,0,0,1,0,1,0,0,1,0,0,0,0,0,1,0.466351898788,-0.648421653539
181,0,10.8698669567,8,2,69.55,1,0,0,0,1,1,0,0,0,1,0,0,1,0,0,0,-1.37843677141,0.751945840288
182,0,31.7189404762,0,0,15.05,1,0,1,0,0,0,1,0,1,0,0,0,0,0,1,0,0.152081771673,-0.345394611381
183,0,9.0,4,2,31.3875,1,0,0,0,1,0,1,0,0,1,0,0,0,0,0,1,-1.51570263349,-0.01644415947
184,1,1.0,2,1,39.0,0,1,0,0,1,0,1,0,1,0,0,0,0,0,1,0,-2.10297805046,0.136831146738
185,1,4.0,0,2,22.025,1,0,0,0,1,1,0,0,0,1,0,0,1,0,0,0,-1.88274976909,-0.204955168254
186,0,46.2497682359,0,0,50.0,0,1,0,0,1,0,1,1,0,0,0,0,0,1,0,0,1.21878151311,0.35831270579
187,1,33.1289853535,1,0,15.5,1,0,0,1,0,1,0,0,0,1,0,0,1,0,0,0,0.255592358334,-0.336334002147
188,1,45.0,0,0,26.55,1,0,0,0,1,0,1,1,0,0,0,0,0,1,0,0,1.12703674288,-0.113845708735
189,0,40.0,1,1,15.5,1,0,0,1,0,0,1,0,0,1,0,0,0,0,0,1,0.759989607273,-0.336334002147
190,0,36.0,0,0,7.8958,1,0,0,0,1,0,1,0,0,1,0,0,0,0,0,1,0.466351898788,-0.489442190451
191,1,32.0,0,0,13.0,1,0,0,0,1,1,0,0,1,0,0,1,0,0,0,0,0.172714190303,-0.386670720113
192,0,19.0,0,0,13.0,1,0,0,0,1,0,1,0,1,0,0,0,0,0,1,0,-0.781608362274,-0.386670720113
193,1,19.0,1,0,7.8542,1,0,0,0,1,1,0,0,0,1,0,0,1,0,0,0,-0.781608362274,-0.490279793438
194,1,3.0,1,1,26.0,0,1,0,0,1,0,1,0,1,0,0,0,0,0,1,0,-1.95615919622,-0.124919786688
195,1,44.0,0,0,27.7208,0,1,1,0,0,1,0,1,0,0,1,0,0,0,0,0,1.05362731576,-0.0902720169771
196,1,58.0,0,0,146.5208,0,1,1,0,0,1,0,1,0,0,1,0,0,0,0,0,2.08135929546,2.30172882079
197,0,35.295824299,0,0,7.75,1,0,0,1,0,0,1,0,0,1,0,0,0,0,0,1,0.414658763987,-0.492377827843
198,0,42.0,0,1,8.4042,1,0,0,0,1,0,1,0,0,1,0,0,0,0,0,1,0.906808461516,-0.479205715485
199,1,35.295824299,0,0,7.75,1,0,0,1,0,1,0,0,0,1,0,0,1,0,0,0,0.414658763987,-0.492377827843
200,0,24.0,0,0,13.0,1,0,0,0,1,1,0,0,1,0,0,1,0,0,0,0,-0.414561226668,-0.386670720113
201,0,28.0,0,0,9.5,1,0,0,0,1,0,1,0,0,1,0,0,0,0,0,1,-0.120923518182,-0.457142125266
202,0,10.8698669567,8,2,69.55,1,0,0,0,1,0,1,0,0,1,0,0,0,0,0,1,-1.37843677141,0.751945840288
203,0,34.0,0,0,6.4958,1,0,0,0,1,0,1,0,0,1,0,0,0,0,0,1,0.319533044546,-0.517630752512
204,0,45.5,0,0,7.225,1,0,1,0,0,0,1,0,0,1,0,0,0,0,0,1,1.16374145644,-0.502948538616
205,1,18.0,0,0,8.05,1,0,0,0,1,0,1,0,0,1,0,0,0,0,0,1,-0.855017789395,-0.486337421687
206,0,2.0,0,1,10.4625,0,1,0,0,1,1,0,0,0,1,0,0,1,0,0,0,-2.02956862334,-0.437762488849
207,0,32.0,1,0,15.85,1,0,0,0,1,0,1,0,0,1,0,0,0,0,0,1,0.172714190303,-0.329286861632
208,1,26.0,0,0,18.7875,1,0,1,0,0,0,1,0,0,1,0,0,0,0,0,1,-0.267742372425,-0.270141218021
209,1,16.0,0,0,7.75,1,0,0,1,0,1,0,0,0,1,0,0,1,0,0,0,-1.00183664364,-0.492377827843
210,1,40.0,0,0,31.0,0,1,1,0,0,0,1,1,0,0,0,0,0,1,0,0,0.759989607273,-0.0242463507548
211,0,24.0,0,0,7.05,1,0,0,0,1,0,1,0,0,1,0,0,0,0,0,1,-0.414561226668,-0.506472108874
212,1,35.0,0,0,21.0,1,0,0,0,1,1,0,0,1,0,0,1,0,0,0,0,0.392942471667,-0.225593222621
213,0,22.0,0,0,7.25,1,0,0,0,1,0,1,0,0,1,0,0,0,0,0,1,-0.56138008091,-0.502445171436
214,0,30.0,0,0,13.0,1,0,0,0,1,0,1,0,1,0,0,0,0,0,1,0,0.0258953360603,-0.386670720113
215,0,31.0934298505,1,0,7.75,1,0,0,1,0,0,1,0,0,1,0,0,0,0,0,1,0.106163394983,-0.492377827843
216,1,31.0,1,0,113.275,0,1,1,0,0,1,0,1,0,0,1,0,0,0,0,0,0.0993047631816,1.63233503752
217,1,27.0,0,0,7.925,1,0,0,0,1,1,0,0,0,1,0,0,1,0,0,0,-0.194332945304,-0.488854257585
218,0,42.0,1,0,27.0,1,0,0,0,1,0,1,0,1,0,0,0,0,0,1,0,0.906808461516,-0.104785099501
219,1,32.0,0,0,76.2917,0,1,1,0,0,1,0,1,0,0,1,0,0,0,0,0,0.172714190303,0.887687860894
220,0,30.0,0,0,10.5,1,0,0,0,1,0,1,0,1,0,0,0,0,0,1,0,0.0258953360603,-0.43700743808
221,1,16.0,0,0,8.05,1,0,0,0,1,0,1,0,0,1,0,0,0,0,0,1,-1.00183664364,-0.486337421687
222,0,27.0,0,0,13.0,1,0,0,0,1,0,1,0,1,0,0,0,0,0,1,0,-0.194332945304,-0.386670720113
223,0,51.0,0,0,8.05,1,0,0,0,1,0,1,0,0,1,0,0,0,0,0,1,1.56749330561,-0.486337421687
224,0,27.9472061629,0,0,7.8958,1,0,0,0,1,0,1,0,0,1,0,0,0,0,0,1,-0.124799083517,-0.489442190451
225,1,38.0,1,0,90.0,0,1,0,0,1,0,1,1,0,0,0,0,0,1,0,0,0.613170753031,1.16370019325
226,0,22.0,0,0,9.35,1,0,0,0,1,0,1,0,0,1,0,0,0,0,0,1,-0.56138008091,-0.460162328344
227,1,19.0,0,0,10.5,1,0,0,0,1,0,1,0,1,0,0,0,0,0,1,0,-0.781608362274,-0.43700743808
228,0,20.5,0,0,7.25,1,0,0,0,1,0,1,0,0,1,0,0,0,0,0,1,-0.671494221592,-0.502445171436
229,0,18.0,0,0,13.0,1,0,0,0,1,0,1,0,1,0,0,0,0,0,1,0,-0.855017789395,-0.386670720113
230,0,7.30954704185,3,1,25.4667,1,0,0,0,1,1,0,0,0,1,0,0,1,0,0,0,-1.63979781672,-0.135657615364
231,1,35.0,1,0,83.475,0,1,0,0,1,1,0,1,0,0,1,0,0,0,0,0,0.392942471667,1.03232135936
232,0,29.0,0,0,7.775,1,0,0,0,1,0,1,0,0,1,0,0,0,0,0,1,-0.047514091061,-0.491874460663
233,0,59.0,0,0,13.5,1,0,0,0,1,0,1,0,1,0,0,0,0,0,1,0,2.15476872258,-0.37660337652
234,1,5.0,4,2,31.3875,1,0,0,0,1,1,0,0,0,1,0,0,1,0,0,0,-1.80934034197,-0.01644415947
235,0,24.0,0,0,10.5,1,0,0,0,1,0,1,0,1,0,0,0,0,0,1,0,-0.414561226668,-0.43700743808
236,0,31.1083845238,0,0,7.55,1,0,0,0,1,1,0,0,0,1,0,0,1,0,0,0,0.107261208983,-0.49640476528
237,0,44.0,1,0,26.0,1,0,0,0,1,0,1,0,1,0,0,0,0,0,1,0,1.05362731576,-0.124919786688
238,1,8.0,0,2,26.25,1,0,0,0,1,1,0,0,1,0,0,1,0,0,0,0,-1.58911206061,-0.119886114891
239,0,19.0,0,0,10.5,1,0,0,0,1,0,1,0,1,0,0,0,0,0,1,0,-0.781608362274,-0.43700743808
240,0,33.0,0,0,12.275,1,0,0,0,1,0,1,0,1,0,0,0,0,0,1,0,0.246123617424,-0.401268368324
241,0,20.8001541306,1,0,14.4542,1,0,1,0,0,1,0,0,0,1,0,0,1,0,0,0,-0.649460078817,-0.357390858007
242,1,33.1289853535,1,0,15.5,1,0,0,1,0,1,0,0,0,1,0,0,1,0,0,0,0.255592358334,-0.336334002147
243,0,29.0,0,0,10.5,1,0,0,0,1,0,1,0,1,0,0,0,0,0,1,0,-0.047514091061,-0.43700743808
244,0,22.0,0,0,7.125,1,0,0,0,1,0,1,0,0,1,0,0,0,0,0,1,-0.56138008091,-0.504962007335
245,0,30.0,0,0,7.225,1,0,1,0,0,0,1,0,0,1,0,0,0,0,0,1,0.0258953360603,-0.502948538616
246,0,44.0,2,0,90.0,0,1,0,1,0,0,1,1,0,0,0,0,0,1,0,0,1.05362731576,1.16370019325
247,0,25.0,0,0,7.775,1,0,0,0,1,1,0,0,0,1,0,0,1,0,0,0,-0.341151799546,-0.491874460663
248,1,24.0,0,2,14.5,1,0,0,0,1,1,0,0,1,0,0,1,0,0,0,0,-0.414561226668,-0.356468689333
249,1,37.0,1,1,52.5542,0,1,0,0,1,0,1,1,0,0,0,0,0,1,0,0,0.539761325909,0.409740723802
250,0,54.0,1,0,26.0,1,0,0,0,1,0,1,0,1,0,0,0,0,0,1,0,1.78772158697,-0.124919786688
251,0,29.7827961298,0,0,7.25,1,0,0,0,1,0,1,0,0,1,0,0,0,0,0,1,0.00995052438038,-0.502445171436
252,0,29.0,1,1,10.4625,0,1,0,0,1,1,0,0,0,1,0,0,1,0,0,0,-0.047514091061,-0.437762488849
253,0,62.0,0,0,26.55,0,1,0,0,1,0,1,1,0,0,0,0,0,1,0,0,2.37499700394,-0.113845708735
254,0,30.0,1,0,16.1,1,0,0,0,1,0,1,0,0,1,0,0,0,0,0,1,0.0258953360603,-0.324253189835
255,0,41.0,0,2,20.2125,1,0,0,0,1,1,0,0,0,1,0,0,1,0,0,0,0.833399034395,-0.24144928878
256,1,29.0,0,2,15.2458,1,0,1,0,0,1,0,0,0,1,0,0,1,0,0,0,-0.047514091061,-0.34145223963
257,1,34.6202857143,0,0,79.2,1,0,1,0,0,1,0,1,0,0,1,0,0,0,0,0,0.365067863483,0.946245571638
258,1,30.0,0,0,86.5,0,1,0,0,1,1,0,1,0,0,1,0,0,0,0,0,0.0258953360603,1.0932287881
259,1,35.0,0,0,512.3292,1,0,1,0,0,1,0,1,0,0,1,0,0,0,0,0,0.392942471667,9.66716652501
260,1,50.0,0,1,26.0,1,0,0,0,1,1,0,0,1,0,0,1,0,0,0,0,1.49408387849,-0.124919786688
261,0,35.295824299,0,0,7.75,1,0,0,1,0,0,1,0,0,1,0,0,0,0,0,1,0.414658763987,-0.492377827843
262,1,3.0,4,2,31.3875,1,0,0,0,1,0,1,0,0,1,0,0,0,0,0,1,-1.95615919622,-0.01644415947
263,0,52.0,1,1,79.65,0,1,0,0,1,0,1,1,0,0,0,0,0,1,0,0,1.64090273273,0.955306180872
264,0,40.0,0,0,0.0,0,1,0,0,1,0,1,1,0,0,0,0,0,1,0,0,0.759989607273,-0.648421653539
265,0,35.295824299,0,0,7.75,1,0,0,1,0,1,0,0,0,1,0,0,1,0,0,0,0.414658763987,-0.492377827843
266,0,36.0,0,0,10.5,1,0,0,0,1,0,1,0,1,0,0,0,0,0,1,0,0.466351898788,-0.43700743808
267,0,16.0,4,1,39.6875,1,0,0,0,1,0,1,0,0,1,0,0,0,0,0,1,-1.00183664364,0.150673744179
268,1,25.0,1,0,7.775,1,0,0,0,1,0,1,0,0,1,0,0,0,0,0,1,-0.341151799546,-0.491874460663
269,1,58.0,0,1,153.4625,0,1,0,0,1,1,0,1,0,0,1,0,0,0,0,0,2.08135929546,2.44149777883
270,1,35.0,0,0,135.6333,0,1,0,0,1,1,0,1,0,0,1,0,0,0,0,0,0.392942471667,2.08251241405
271,0,36.8748982143,0,0,31.0,1,0,0,0,1,0,1,1,0,0,0,0,0,1,0,0,0.530577675488,-0.0242463507548
272,1,25.0,0,0,0.0,1,0,0,0,1,0,1,0,0,1,0,0,0,0,0,1,-0.341151799546,-0.648421653539
273,1,41.0,0,1,19.5,1,0,0,0,1,1,0,0,1,0,0,1,0,0,0,0,0.833399034395,-0.255795253401
274,0,37.0,0,1,29.7,0,1,1,0,0,0,1,1,0,0,0,0,0,1,0,0,0.539761325909,-0.0504214440974
275,1,35.295824299,0,0,7.75,1,0,0,1,0,1,0,0,0,1,0,0,1,0,0,0,0.414658763987,-0.492377827843
276,1,63.0,1,0,77.9583,0,1,0,0,1,1,0,1,0,0,1,0,0,0,0,0,2.44840643106,0.921244330559
277,0,45.0,0,0,7.75,1,0,0,0,1,1,0,0,0,1,0,0,1,0,0,0,1.12703674288,-0.492377827843
278,0,35.0518175686,0,0,0.0,1,0,0,0,1,0,1,0,1,0,0,0,0,0,1,0,0.39674636969,-0.648421653539
279,0,7.0,4,1,29.125,1,0,0,1,0,0,1,0,0,1,0,0,0,0,0,1,-1.66252148773,-0.0619988892297
280,1,35.0,1,1,20.25,1,0,0,0,1,1,0,0,0,1,0,0,1,0,0,0,0.392942471667,-0.240694238011
281,0,65.0,0,0,7.75,1,0,0,1,0,0,1,0,0,1,0,0,0,0,0,1,2.59522528531,-0.492377827843
282,0,28.0,0,0,7.8542,1,0,0,0,1,0,1,0,0,1,0,0,0,0,0,1,-0.120923518182,-0.490279793438
283,0,16.0,0,0,9.5,1,0,0,0,1,0,1,0,0,1,0,0,0,0,0,1,-1.00183664364,-0.457142125266
284,1,19.0,0,0,8.05,1,0,0,0,1,0,1,0,0,1,0,0,0,0,0,1,-0.781608362274,-0.486337421687
285,0,57.7424922619,0,0,26.0,0,1,0,0,1,0,1,1,0,0,0,0,0,1,0,0,2.06245579992,-0.124919786688
286,0,33.0,0,0,8.6625,1,0,1,0,0,0,1,0,0,1,0,0,0,0,0,1,0.246123617424,-0.474004925785
287,1,30.0,0,0,9.5,1,0,0,0,1,0,1,0,0,1,0,0,0,0,0,1,0.0258953360603,-0.457142125266
288,0,22.0,0,0,7.8958,1,0,0,0,1,0,1,0,0,1,0,0,0,0,0,1,-0.56138008091,-0.489442190451
289,1,42.0,0,0,13.0,1,0,0,0,1,0,1,0,1,0,0,0,0,0,1,0,0.906808461516,-0.386670720113
290,1,22.0,0,0,7.75,1,0,0,1,0,1,0,0,0,1,0,0,1,0,0,0,-0.56138008091,-0.492377827843
291,1,26.0,0,0,78.85,1,0,0,0,1,1,0,1,0,0,1,0,0,0,0,0,-0.267742372425,0.939198431123
292,1,19.0,1,0,91.0792,0,1,1,0,0,1,0,1,0,0,1,0,0,0,0,0,-0.781608362274,1.18542954767
293,0,36.0,0,0,12.875,0,1,1,0,0,0,1,0,1,0,0,0,0,0,1,0,0.466351898788,-0.389187556012
294,0,24.0,0,0,8.85,1,0,0,0,1,1,0,0,0,1,0,0,1,0,0,0,-0.414561226668,-0.470229671938
295,0,24.0,0,0,7.8958,1,0,0,0,1,0,1,0,0,1,0,0,0,0,0,1,-0.414561226668,-0.489442190451
296,0,41.2000884776,0,0,27.7208,1,0,1,0,0,0,1,1,0,0,0,0,0,1,0,0,0.848087414912,-0.0902720169771
297,0,23.5,0,0,7.2292,1,0,1,0,0,0,1,0,0,1,0,0,0,0,0,1,-0.451265940228,-0.50286397293
298,0,2.0,1,2,151.55,0,1,0,0,1,1,0,1,0,0,1,0,0,0,0,0,-2.02956862334,2.40299018959
299,1,41.5748771825,0,0,30.5,0,1,0,0,1,0,1,1,0,0,0,0,0,1,0,0,0.87560043903,-0.0343136943481
300,1,50.0,0,1,247.5208,0,1,1,0,0,1,0,1,0,0,1,0,0,0,0,0,1.49408387849,4.33533222663
301,1,35.295824299,0,0,7.75,1,0,0,1,0,1,0,0,0,1,0,0,1,0,0,0,0.414658763987,-0.492377827843
302,1,23.3136833333,2,0,23.25,1,0,0,1,0,0,1,0,0,1,0,0,0,0,0,1,-0.464943339991,-0.180290176451
303,0,19.0,0,0,0.0,1,0,0,0,1,0,1,0,0,1,0,0,0,0,0,1,-0.781608362274,-0.648421653539
304,1,42.5745155362,0,0,12.35,0,1,0,1,0,1,0,0,1,0,0,1,0,0,0,0,0.948983317897,-0.399758266785
305,0,30.7057267793,0,0,8.05,1,0,0,0,1,0,1,0,0,1,0,0,0,0,0,1,0.0777023346307,-0.486337421687
306,1,0.92,1,2,151.55,0,1,0,0,1,0,1,1,0,0,0,0,0,1,0,0,-2.10885080463,2.40299018959
307,1,28.5788839286,0,0,110.8833,1,0,1,0,0,1,0,1,0,0,1,0,0,0,0,0,-0.0784279806162,1.58417890618
308,1,17.0,1,0,108.9,0,1,1,0,0,1,0,1,0,0,1,0,0,0,0,0,-0.928427216517,1.54424578108
309,0,30.0,1,0,24.0,1,0,1,0,0,0,1,0,1,0,0,0,0,0,1,0,0.0258953360603,-0.165189161061
310,1,30.0,0,0,56.9292,0,1,1,0,0,1,0,1,0,0,1,0,0,0,0,0,0.0258953360603,0.497829980244
311,1,24.0,0,0,83.1583,0,1,1,0,0,1,0,1,0,0,1,0,0,0,0,0,-0.414561226668,1.02594470393
312,1,18.0,2,2,262.375,0,1,1,0,0,1,0,1,0,0,1,0,0,0,0,0,-0.855017789395,4.63441689704
313,0,26.0,1,1,26.0,1,0,0,0,1,1,0,0,1,0,0,1,0,0,0,0,-0.267742372425,-0.124919786688
314,0,28.0,0,0,7.8958,1,0,0,0,1,0,1,0,0,1,0,0,0,0,0,1,-0.120923518182,-0.489442190451
315,0,43.0,1,1,26.25,1,0,0,0,1,0,1,0,1,0,0,0,0,0,1,0,0.980217888637,-0.119886114891
316,1,26.0,0,0,7.8542,1,0,0,0,1,1,0,0,0,1,0,0,1,0,0,0,-0.267742372425,-0.490279793438
317,1,24.0,1,0,26.0,1,0,0,0,1,1,0,0,1,0,0,1,0,0,0,0,-0.414561226668,-0.124919786688
318,0,54.0,0,0,14.0,1,0,0,0,1,0,1,0,1,0,0,0,0,0,1,0,1.78772158697,-0.366536032927
319,1,31.0,0,2,164.8667,0,1,0,0,1,1,0,1,0,0,1,0,0,0,0,0,0.0993047631816,2.67111777845
320,1,40.0,1,1,134.5,0,1,1,0,0,1,0,1,0,0,1,0,0,0,0,0,0.759989607273,2.05969377306
321,0,22.0,0,0,7.25,1,0,0,0,1,0,1,0,0,1,0,0,0,0,0,1,-0.56138008091,-0.502445171436
322,0,27.0,0,0,7.8958,1,0,0,0,1,0,1,0,0,1,0,0,0,0,0,1,-0.194332945304,-0.489442190451
323,1,30.0,0,0,12.35,1,0,0,1,0,1,0,0,1,0,0,1,0,0,0,0,0.0258953360603,-0.399758266785
324,1,22.0,1,1,29.0,1,0,0,0,1,1,0,0,1,0,0,1,0,0,0,0,-0.56138008091,-0.064515725128
325,0,10.8698669567,8,2,69.55,1,0,0,0,1,0,1,0,0,1,0,0,0,0,0,1,-1.37843677141,0.751945840288
326,1,36.0,0,0,135.6333,0,1,1,0,0,1,0,1,0,0,1,0,0,0,0,0,0.466351898788,2.08251241405
327,0,61.0,0,0,6.2375,1,0,0,0,1,0,1,0,0,1,0,0,0,0,0,1,2.30158757682,-0.522831542213
328,1,36.0,0,0,13.0,0,1,0,0,1,1,0,0,1,0,0,1,0,0,0,0,0.466351898788,-0.386670720113
329,1,31.0,1,1,20.525,1,0,0,0,1,1,0,0,0,1,0,0,1,0,0,0,0.0993047631816,-0.235157199034
330,1,16.0,0,1,57.9792,0,1,1,0,0,1,0,1,0,0,1,0,0,0,0,0,-1.00183664364,0.518971401789
331,1,23.3136833333,2,0,23.25,1,0,0,1,0,1,0,0,0,1,0,0,1,0,0,0,-0.464943339991,-0.180290176451
332,0,45.5,0,0,28.5,0,1,0,0,1,0,1,1,0,0,0,0,0,1,0,0,1.16374145644,-0.0745830687213
333,0,38.0,0,1,153.4625,0,1,0,0,1,0,1,1,0,0,0,0,0,1,0,0,0.613170753031,2.44149777883
334,0,16.0,2,0,18.0,1,0,0,0,1,0,1,0,0,1,0,0,0,0,0,1,-1.00183664364,-0.28599728418
335,1,31.4258779365,1,0,133.65,1,0,0,0,1,1,0,1,0,0,1,0,0,0,0,0,0.130568218524,2.04257928895
336,0,27.9472061629,0,0,7.8958,1,0,0,0,1,0,1,0,0,1,0,0,0,0,0,1,-0.124799083517,-0.489442190451
337,0,29.0,1,0,66.6,0,1,0,0,1,0,1,1,0,0,0,0,0,1,0,0,-0.047514091061,0.692548513088
338,1,41.0,0,0,134.5,0,1,1,0,0,1,0,1,0,0,1,0,0,0,0,0,0.833399034395,2.05969377306
339,1,45.0,0,0,8.05,1,0,0,0,1,0,1,0,0,1,0,0,0,0,0,1,1.12703674288,-0.486337421687
340,0,45.0,0,0,35.5,0,1,0,0,1,0,1,1,0,0,0,0,0,1,0,0,1.12703674288,0.0663597415848
341,1,2.0,1,1,26.0,0,1,0,0,1,0,1,0,1,0,0,0,0,0,1,0,-2.02956862334,-0.124919786688
342,1,24.0,3,2,263.0,0,1,0,0,1,1,0,1,0,0,1,0,0,0,0,0,-0.414561226668,4.64700107653
343,0,28.0,0,0,13.0,1,0,0,0,1,0,1,0,1,0,0,0,0,0,1,0,-0.120923518182,-0.386670720113
344,0,25.0,0,0,13.0,1,0,0,0,1,0,1,0,1,0,0,0,0,0,1,0,-0.341151799546,-0.386670720113
345,0,36.0,0,0,13.0,1,0,0,0,1,0,1,0,1,0,0,0,0,0,1,0,0.466351898788,-0.386670720113
346,1,24.0,0,0,13.0,0,1,0,0,1,1,0,0,1,0,0,1,0,0,0,0,-0.414561226668,-0.386670720113
347,1,40.0,0,0,13.0,1,0,0,0,1,1,0,0,1,0,0,1,0,0,0,0,0.759989607273,-0.386670720113
348,1,26.6891684885,1,0,16.1,1,0,0,0,1,1,0,0,0,1,0,0,1,0,0,0,-0.217150908497,-0.324253189835
349,1,3.0,1,1,15.9,1,0,0,0,1,0,1,0,0,1,0,0,0,0,0,1,-1.95615919622,-0.328280127272
350,0,42.0,0,0,8.6625,1,0,0,0,1,0,1,0,0,1,0,0,0,0,0,1,0.906808461516,-0.474004925785
351,0,23.0,0,0,9.225,1,0,0,0,1,0,1,0,0,1,0,0,0,0,0,1,-0.487970653789,-0.462679164243
352,0,59.9691644841,0,0,35.0,0,1,0,0,1,0,1,1,0,0,0,0,0,1,0,0,2.22591453214,0.0562923979915
353,0,15.0,1,1,7.2292,1,0,1,0,0,0,1,0,0,1,0,0,0,0,0,1,-1.07524607076,-0.50286397293
354,0,25.0,1,0,17.8,1,0,0,0,1,0,1,0,0,1,0,0,0,0,0,1,-0.341151799546,-0.290024221618
355,0,29.5182051421,0,0,7.225,1,0,1,0,0,0,1,0,0,1,0,0,0,0,0,1,-0.0094729484496,-0.502948538616
356,0,28.0,0,0,9.5,1,0,0,0,1,0,1,0,0,1,0,0,0,0,0,1,-0.120923518182,-0.457142125266
357,1,22.0,0,1,55.0,0,1,0,0,1,1,0,1,0,0,1,0,0,0,0,0,-0.56138008091,0.458986141723
358,0,38.0,0,0,13.0,1,0,0,0,1,1,0,0,1,0,0,1,0,0,0,0,0.613170753031,-0.386670720113
359,1,22.3801132388,0,0,7.8792,1,0,0,1,0,1,0,0,0,1,0,0,1,0,0,0,-0.533476185807,-0.489776426258
360,1,22.3801132388,0,0,7.8792,1,0,0,1,0,1,0,0,0,1,0,0,1,0,0,0,-0.533476185807,-0.489776426258
361,0,40.0,1,4,27.9,1,0,0,0,1,0,1,0,0,1,0,0,0,0,0,1,0.759989607273,-0.0866638810332
362,0,29.0,1,0,27.7208,1,0,1,0,0,0,1,0,1,0,0,0,0,0,1,0,-0.047514091061,-0.0902720169771
363,0,45.0,0,1,14.4542,1,0,1,0,0,1,0,0,0,1,0,0,1,0,0,0,1.12703674288,-0.357390858007
364,0,35.0,0,0,7.05,1,0,0,0,1,0,1,0,0,1,0,0,0,0,0,1,0.392942471667,-0.506472108874
365,0,33.1289853535,1,0,15.5,1,0,0,1,0,0,1,0,0,1,0,0,0,0,0,1,0.255592358334,-0.336334002147
366,0,30.0,0,0,7.25,1,0,0,0,1,0,1,0,0,1,0,0,0,0,0,1,0.0258953360603,-0.502445171436
367,1,60.0,1,0,75.25,0,1,1,0,0,1,0,1,0,0,1,0,0,0,0,0,2.2281781497,0.866713557251
368,1,22.8763068619,0,0,7.2292,1,0,1,0,0,1,0,0,0,1,0,0,1,0,0,0,-0.497050896197,-0.50286397293
369,1,35.295824299,0,0,7.75,1,0,0,1,0,1,0,0,0,1,0,0,1,0,0,0,0.414658763987,-0.492377827843
370,1,24.0,0,0,69.3,0,1,1,0,0,1,0,1,0,0,1,0,0,0,0,0,-0.414561226668,0.746912168491
371,1,25.0,1,0,55.4417,0,1,1,0,0,0,1,1,0,0,0,0,0,1,0,0,-0.341151799546,0.467879633053
372,0,18.0,1,0,6.4958,1,0,0,0,1,0,1,0,0,1,0,0,0,0,0,1,-0.855017789395,-0.517630752512
373,0,19.0,0,0,8.05,1,0,0,0,1,0,1,0,0,1,0,0,0,0,0,1,-0.781608362274,-0.486337421687
374,0,22.0,0,0,135.6333,1,0,1,0,0,0,1,1,0,0,0,0,0,1,0,0,-0.56138008091,2.08251241405
375,0,3.0,3,1,21.075,1,0,0,0,1,1,0,0,0,1,0,0,1,0,0,0,-1.95615919622,-0.224083121082
376,1,31.9447934524,1,0,82.1708,1,0,1,0,0,1,0,1,0,0,1,0,0,0,0,0,0.168661509269,1.00606170033
377,1,22.0,0,0,7.25,1,0,0,0,1,1,0,0,0,1,0,0,1,0,0,0,-0.56138008091,-0.502445171436
378,0,27.0,0,2,211.5,0,1,1,0,0,0,1,1,0,0,0,0,0,1,0,0,-0.194332945304,3.61006468642
379,0,20.0,0,0,4.0125,1,0,1,0,0,0,1,0,0,1,0,0,0,0,0,1,-0.708198935153,-0.567631221203
380,0,19.0,0,0,7.775,1,0,0,0,1,0,1,0,0,1,0,0,0,0,0,1,-0.781608362274,-0.491874460663
381,1,42.0,0,0,227.525,1,0,1,0,0,1,0,1,0,0,1,0,0,0,0,0,0.906808461516,3.93272304859
382,1,1.0,0,2,15.7417,1,0,1,0,0,1,0,0,0,1,0,0,1,0,0,0,-2.10297805046,-0.331467448254
383,0,32.0,0,0,7.925,1,0,0,0,1,0,1,0,0,1,0,0,0,0,0,1,0.172714190303,-0.488854257585
384,1,35.0,1,0,52.0,1,0,0,0,1,1,0,1,0,0,1,0,0,0,0,0,0.392942471667,0.398582080163
385,0,27.9472061629,0,0,7.8958,1,0,0,0,1,0,1,0,0,1,0,0,0,0,0,1,-0.124799083517,-0.489442190451
386,0,18.0,0,0,73.5,1,0,0,0,1,0,1,0,1,0,0,0,0,0,1,0,-0.855017789395,0.831477854675
387,0,1.0,5,2,46.9,1,0,0,0,1,0,1,0,0,1,0,0,0,0,0,1,-2.10297805046,0.295895175512
388,1,36.0,0,0,13.0,1,0,0,0,1,1,0,0,1,0,0,1,0,0,0,0,0.466351898788,-0.386670720113
389,0,19.8955811267,0,0,7.7292,1,0,0,1,0,0,1,0,0,1,0,0,0,0,0,1,-0.715864264822,-0.492796629336
390,1,17.0,0,0,12.0,1,0,1,0,0,1,0,0,1,0,0,1,0,0,0,0,-0.928427216517,-0.4068054073
391,1,36.0,1,2,120.0,0,1,0,0,1,0,1,1,0,0,0,0,0,1,0,0,0.466351898788,1.76774080885
392,1,21.0,0,0,7.7958,1,0,0,0,1,0,1,0,0,1,0,0,0,0,0,1,-0.634789508032,-0.49145565917
393,0,28.0,2,0,7.925,1,0,0,0,1,0,1,0,0,1,0,0,0,0,0,1,-0.120923518182,-0.488854257585
394,1,23.0,1,0,113.275,0,1,1,0,0,1,0,1,0,0,1,0,0,0,0,0,-0.487970653789,1.63233503752
395,1,24.0,0,2,16.7,0,1,0,0,1,1,0,0,0,1,0,0,1,0,0,0,-0.414561226668,-0.312172377523
396,0,22.0,0,0,7.7958,1,0,0,0,1,0,1,0,0,1,0,0,0,0,0,1,-0.56138008091,-0.49145565917
397,0,31.0,0,0,7.8542,1,0,0,0,1,1,0,0,0,1,0,0,1,0,0,0,0.0993047631816,-0.490279793438
398,0,46.0,0,0,26.0,1,0,0,0,1,0,1,0,1,0,0,0,0,0,1,0,1.20044617,-0.124919786688
399,0,23.0,0,0,10.5,1,0,0,0,1,0,1,0,1,0,0,0,0,0,1,0,-0.487970653789,-0.43700743808
400,1,28.0,0,0,12.65,1,0,0,0,1,1,0,0,1,0,0,1,0,0,0,0,-0.120923518182,-0.393717860629
401,1,39.0,0,0,7.925,1,0,0,0,1,0,1,0,0,1,0,0,0,0,0,1,0.686580180152,-0.488854257585
402,0,26.0,0,0,8.05,1,0,0,0,1,0,1,0,0,1,0,0,0,0,0,1,-0.267742372425,-0.486337421687
403,0,21.0,1,0,9.825,1,0,0,0,1,1,0,0,0,1,0,0,1,0,0,0,-0.634789508032,-0.450598351931
404,0,28.0,1,0,15.85,1,0,0,0,1,0,1,0,0,1,0,0,0,0,0,1,-0.120923518182,-0.329286861632
405,0,20.0,0,0,8.6625,1,0,0,0,1,1,0,0,0,1,0,0,1,0,0,0,-0.708198935153,-0.474004925785
406,0,34.0,1,0,21.0,1,0,0,0,1,0,1,0,1,0,0,0,0,0,1,0,0.319533044546,-0.225593222621
407,0,51.0,0,0,7.75,1,0,0,0,1,0,1,0,0,1,0,0,0,0,0,1,1.56749330561,-0.492377827843
408,1,3.0,1,1,18.75,1,0,0,0,1,0,1,0,1,0,0,0,0,0,1,0,-1.95615919622,-0.27089626879
409,0,21.0,0,0,7.775,1,0,0,0,1,0,1,0,0,1,0,0,0,0,0,1,-0.634789508032,-0.491874460663
410,0,7.30954704185,3,1,25.4667,1,0,0,0,1,1,0,0,0,1,0,0,1,0,0,0,-1.63979781672,-0.135657615364
411,0,27.9472061629,0,0,7.8958,1,0,0,0,1,0,1,0,0,1,0,0,0,0,0,1,-0.124799083517,-0.489442190451
412,0,20.681314881,0,0,6.8583,1,0,0,1,0,0,1,0,0,1,0,0,0,0,0,1,-0.658184000053,-0.510331928407
413,1,33.0,1,0,90.0,0,1,0,1,0,1,0,1,0,0,1,0,0,0,0,0,0.246123617424,1.16370019325
414,0,35.0518175686,0,0,0.0,1,0,0,0,1,0,1,0,1,0,0,0,0,0,1,0,0.39674636969,-0.648421653539
415,1,44.0,0,0,7.925,1,0,0,0,1,0,1,0,0,1,0,0,0,0,0,1,1.05362731576,-0.488854257585
416,0,30.7057267793,0,0,8.05,1,0,0,0,1,1,0,0,0,1,0,0,1,0,0,0,0.0777023346307,-0.486337421687
417,1,34.0,1,1,32.5,1,0,0,0,1,1,0,0,1,0,0,1,0,0,0,0,0.319533044546,0.00595568002503
418,1,18.0,0,2,13.0,1,0,0,0,1,1,0,0,1,0,0,1,0,0,0,0,-0.855017789395,-0.386670720113
419,0,30.0,0,0,13.0,1,0,0,0,1,0,1,0,1,0,0,0,0,0,1,0,0.0258953360603,-0.386670720113
420,0,10.0,0,2,24.15,1,0,0,0,1,1,0,0,0,1,0,0,1,0,0,0,-1.44229320637,-0.162168957983
421,0,27.9472061629,0,0,7.8958,1,0,1,0,0,0,1,0,0,1,0,0,0,0,0,1,-0.124799083517,-0.489442190451
422,0,21.0,0,0,7.7333,1,0,0,1,0,0,1,0,0,1,0,0,0,0,0,1,-0.634789508032,-0.492714077119
423,0,29.0,0,0,7.875,1,0,0,0,1,0,1,0,0,1,0,0,0,0,0,1,-0.047514091061,-0.489860991945
424,0,28.0,1,1,14.4,1,0,0,0,1,1,0,0,0,1,0,0,1,0,0,0,-0.120923518182,-0.358482158052
425,0,18.0,1,1,20.2125,1,0,0,0,1,0,1,0,0,1,0,0,0,0,0,1,-0.855017789395,-0.24144928878
426,0,29.7827961298,0,0,7.25,1,0,0,0,1,0,1,0,0,1,0,0,0,0,0,1,0.00995052438038,-0.502445171436
427,1,28.0,1,0,26.0,1,0,0,0,1,1,0,0,1,0,0,1,0,0,0,0,-0.120923518182,-0.124919786688
428,1,19.0,0,0,26.0,1,0,0,0,1,1,0,0,1,0,0,1,0,0,0,0,-0.781608362274,-0.124919786688
429,0,35.295824299,0,0,7.75,1,0,0,1,0,0,1,0,0,1,0,0,0,0,0,1,0.414658763987,-0.492377827843
430,1,32.0,0,0,8.05,0,1,0,0,1,0,1,0,0,1,0,0,0,0,0,1,0.172714190303,-0.486337421687
431,1,28.0,0,0,26.55,0,1,0,0,1,0,1,1,0,0,0,0,0,1,0,0,-0.120923518182,-0.113845708735
432,1,26.6891684885,1,0,16.1,1,0,0,0,1,1,0,0,0,1,0,0,1,0,0,0,-0.217150908497,-0.324253189835
433,1,42.0,1,0,26.0,1,0,0,0,1,1,0,0,1,0,0,1,0,0,0,0,0.906808461516,-0.124919786688
434,0,17.0,0,0,7.125,1,0,0,0,1,0,1,0,0,1,0,0,0,0,0,1,-0.928427216517,-0.504962007335
435,0,50.0,1,0,55.9,0,1,0,0,1,0,1,1,0,0,0,0,0,1,0,0,1.49408387849,0.477107360191
436,1,14.0,1,2,120.0,0,1,0,0,1,1,0,1,0,0,1,0,0,0,0,0,-1.14865549788,1.76774080885
437,0,21.0,2,2,34.375,1,0,0,0,1,1,0,0,0,1,0,0,1,0,0,0,-0.634789508032,0.0437082184999
438,1,24.0,2,3,18.75,1,0,0,0,1,1,0,0,1,0,0,1,0,0,0,0,-0.414561226668,-0.27089626879
439,0,64.0,1,4,263.0,0,1,0,0,1,0,1,1,0,0,0,0,0,1,0,0,2.52181585818,4.64700107653
440,0,31.0,0,0,10.5,1,0,0,0,1,0,1,0,1,0,0,0,0,0,1,0,0.0993047631816,-0.43700743808
441,1,45.0,1,1,26.25,1,0,0,0,1,1,0,0,1,0,0,1,0,0,0,0,1.12703674288,-0.119886114891
442,0,20.0,0,0,9.5,1,0,0,0,1,0,1,0,0,1,0,0,0,0,0,1,-0.708198935153,-0.457142125266
443,0,25.0,1,0,7.775,1,0,0,0,1,0,1,0,0,1,0,0,0,0,0,1,-0.341151799546,-0.491874460663
444,1,28.0,0,0,13.0,1,0,0,0,1,1,0,0,1,0,0,1,0,0,0,0,-0.120923518182,-0.386670720113
445,1,23.4764323896,0,0,8.1125,1,0,0,0,1,0,1,0,0,1,0,0,0,0,0,1,-0.452996025003,-0.485079003738
446,1,4.0,0,2,81.8583,0,1,0,0,1,0,1,1,0,0,0,0,0,1,0,0,-1.88274976909,0.999769610587
447,1,13.0,0,1,19.5,1,0,0,0,1,1,0,0,1,0,0,1,0,0,0,0,-1.222064925,-0.255795253401
448,1,34.0,0,0,26.55,1,0,0,0,1,0,1,1,0,0,0,0,0,1,0,0,0.319533044546,-0.113845708735
449,1,5.0,2,1,19.2583,1,0,1,0,0,1,0,0,0,1,0,0,1,0,0,0,-1.80934034197,-0.260661807294
450,1,52.0,0,0,30.5,0,1,0,0,1,0,1,1,0,0,0,0,0,1,0,0,1.64090273273,-0.0343136943481
451,0,36.0,1,2,27.75,1,0,0,0,1,0,1,0,1,0,0,0,0,0,1,0,0.466351898788,-0.0896840841112
452,0,24.1089988095,1,0,19.9667,1,0,0,0,1,0,1,0,0,1,0,0,0,0,0,1,-0.406559686504,-0.246398394891
453,0,30.0,0,0,27.75,0,1,1,0,0,0,1,1,0,0,0,0,0,1,0,0,0.0258953360603,-0.0896840841112
454,1,49.0,1,0,89.1042,0,1,1,0,0,0,1,1,0,0,0,0,0,1,0,0,1.42067445137,1.14566354047
455,0,30.7057267793,0,0,8.05,1,0,0,0,1,0,1,0,0,1,0,0,0,0,0,1,0.0777023346307,-0.486337421687
456,1,29.0,0,0,7.8958,1,0,1,0,0,0,1,0,0,1,0,0,0,0,0,1,-0.047514091061,-0.489442190451
457,0,65.0,0,0,26.55,0,1,0,0,1,0,1,1,0,0,0,0,0,1,0,0,2.59522528531,-0.113845708735
458,1,44.060018272,1,0,51.8625,0,1,0,0,1,1,0,1,0,0,1,0,0,0,0,0,1.05803322272,0.395813560675
459,1,50.0,0,0,10.5,1,0,0,0,1,1,0,0,1,0,0,1,0,0,0,0,1.49408387849,-0.43700743808
460,0,35.295824299,0,0,7.75,1,0,0,1,0,0,1,0,0,1,0,0,0,0,0,1,0.414658763987,-0.492377827843
461,1,48.0,0,0,26.55,0,1,0,0,1,0,1,1,0,0,0,0,0,1,0,0,1.34726502424,-0.113845708735
462,0,34.0,0,0,8.05,1,0,0,0,1,0,1,0,0,1,0,0,0,0,0,1,0.319533044546,-0.486337421687
463,0,47.0,0,0,38.5,0,1,0,0,1,0,1,1,0,0,0,0,0,1,0,0,1.27385559712,0.126763803145
464,0,48.0,0,0,13.0,1,0,0,0,1,0,1,0,1,0,0,0,0,0,1,0,1.34726502424,-0.386670720113
465,0,30.7057267793,0,0,8.05,1,0,0,0,1,0,1,0,0,1,0,0,0,0,0,1,0.0777023346307,-0.486337421687
466,0,38.0,0,0,7.05,1,0,0,0,1,0,1,0,0,1,0,0,0,0,0,1,0.613170753031,-0.506472108874
467,0,35.0518175686,0,0,0.0,1,0,0,0,1,0,1,0,1,0,0,0,0,0,1,0,0.39674636969,-0.648421653539
468,0,56.0,0,0,26.55,1,0,0,0,1,0,1,1,0,0,0,0,0,1,0,0,1.93454044121,-0.113845708735
469,0,19.8955811267,0,0,7.725,1,0,0,1,0,0,1,0,0,1,0,0,0,0,0,1,-0.715864264822,-0.492881195023
470,1,0.75,2,1,19.2583,1,0,1,0,0,1,0,0,0,1,0,0,1,0,0,0,-2.12133040724,-0.260661807294
471,0,29.7827961298,0,0,7.25,1,0,0,0,1,0,1,0,0,1,0,0,0,0,0,1,0.00995052438038,-0.502445171436
472,0,38.0,0,0,8.6625,1,0,0,0,1,0,1,0,0,1,0,0,0,0,0,1,0.613170753031,-0.474004925785
473,1,33.0,1,2,27.75,1,0,0,0,1,1,0,0,1,0,0,1,0,0,0,0,0.246123617424,-0.0896840841112
474,1,23.0,0,0,13.7917,0,1,1,0,0,1,0,0,1,0,0,1,0,0,0,0,-0.487970653789,-0.370730088268
475,0,22.0,0,0,9.8375,1,0,0,0,1,1,0,0,0,1,0,0,1,0,0,0,-0.56138008091,-0.450346668341
476,0,44.6595305556,0,0,52.0,0,1,0,0,1,0,1,1,0,0,0,0,0,1,0,0,1.10204307601,0.398582080163
477,0,34.0,1,0,21.0,1,0,0,0,1,0,1,0,1,0,0,0,0,0,1,0,0.319533044546,-0.225593222621
478,0,29.0,1,0,7.0458,1,0,0,0,1,0,1,0,0,1,0,0,0,0,0,1,-0.047514091061,-0.50655667456
479,0,22.0,0,0,7.5208,1,0,0,0,1,0,1,0,0,1,0,0,0,0,0,1,-0.56138008091,-0.496992698146
480,1,2.0,0,1,12.2875,1,0,0,0,1,1,0,0,0,1,0,0,1,0,0,0,-2.02956862334,-0.401016684734
481,0,9.0,5,2,46.9,1,0,0,0,1,0,1,0,0,1,0,0,0,0,0,1,-1.51570263349,0.295895175512
482,0,35.0518175686,0,0,0.0,1,0,0,0,1,0,1,0,1,0,0,0,0,0,1,0,0.39674636969,-0.648421653539
483,0,50.0,0,0,8.05,1,0,0,0,1,0,1,0,0,1,0,0,0,0,0,1,1.49408387849,-0.486337421687
484,1,63.0,0,0,9.5875,1,0,0,0,1,1,0,0,0,1,0,0,1,0,0,0,2.44840643106,-0.455380340138
485,1,25.0,1,0,91.0792,0,1,1,0,0,0,1,1,0,0,0,0,0,1,0,0,-0.341151799546,1.18542954767
486,0,7.30954704185,3,1,25.4667,1,0,0,0,1,1,0,0,0,1,0,0,1,0,0,0,-1.63979781672,-0.135657615364
487,1,35.0,1,0,90.0,0,1,0,0,1,1,0,1,0,0,1,0,0,0,0,0,0.392942471667,1.16370019325
488,0,58.0,0,0,29.7,0,1,1,0,0,0,1,1,0,0,0,0,0,1,0,0,2.08135929546,-0.0504214440974
489,0,30.0,0,0,8.05,1,0,0,0,1,0,1,0,0,1,0,0,0,0,0,1,0.0258953360603,-0.486337421687
490,1,9.0,1,1,15.9,1,0,0,0,1,0,1,0,0,1,0,0,0,0,0,1,-1.51570263349,-0.328280127272
491,0,24.1089988095,1,0,19.9667,1,0,0,0,1,0,1,0,0,1,0,0,0,0,0,1,-0.406559686504,-0.246398394891
492,0,21.0,0,0,7.25,1,0,0,0,1,0,1,0,0,1,0,0,0,0,0,1,-0.634789508032,-0.502445171436
493,0,55.0,0,0,30.5,0,1,0,0,1,0,1,1,0,0,0,0,0,1,0,0,1.86113101409,-0.0343136943481
494,0,71.0,0,0,49.5042,1,0,1,0,0,0,1,1,0,0,0,0,0,1,0,0,3.03568184803,0.348329927883
495,0,21.0,0,0,8.05,1,0,0,0,1,0,1,0,0,1,0,0,0,0,0,1,-0.634789508032,-0.486337421687
496,0,18.1947948413,0,0,14.4583,1,0,1,0,0,0,1,0,0,1,0,0,0,0,0,1,-0.840718011692,-0.357308305789
497,1,54.0,1,0,78.2667,0,1,1,0,0,1,0,1,0,0,1,0,0,0,0,0,1.78772158697,0.927453868087
498,0,25.7554752976,0,0,15.1,1,0,0,0,1,0,1,0,0,1,0,0,0,0,0,1,-0.285692790744,-0.344387877022
499,0,25.0,1,2,151.55,0,1,0,0,1,1,0,1,0,0,1,0,0,0,0,0,-0.341151799546,2.40299018959
500,0,24.0,0,0,7.7958,1,0,0,0,1,0,1,0,0,1,0,0,0,0,0,1,-0.414561226668,-0.49145565917
501,0,17.0,0,0,8.6625,1,0,0,0,1,0,1,0,0,1,0,0,0,0,0,1,-0.928427216517,-0.474004925785
502,0,21.0,0,0,7.75,1,0,0,1,0,1,0,0,0,1,0,0,1,0,0,0,-0.634789508032,-0.492377827843
503,0,26.8207328102,0,0,7.6292,1,0,0,1,0,1,0,0,0,1,0,0,1,0,0,0,-0.207492847005,-0.494810098055
504,0,37.0,0,0,9.5875,1,0,0,0,1,1,0,0,0,1,0,0,1,0,0,0,0.539761325909,-0.455380340138
505,1,16.0,0,0,86.5,0,1,0,0,1,1,0,1,0,0,1,0,0,0,0,0,-1.00183664364,1.0932287881
506,0,18.0,1,0,108.9,0,1,1,0,0,0,1,1,0,0,0,0,0,1,0,0,-0.855017789395,1.54424578108
507,1,33.0,0,2,26.0,1,0,0,0,1,1,0,0,1,0,0,1,0,0,0,0,0.246123617424,-0.124919786688
508,1,49.8994093015,0,0,26.55,1,0,0,0,1,0,1,1,0,0,0,0,0,1,0,0,1.48669957294,-0.113845708735
509,0,28.0,0,0,22.525,1,0,0,0,1,0,1,0,0,1,0,0,0,0,0,1,-0.120923518182,-0.194887824661
510,1,26.0,0,0,56.4958,1,0,0,0,1,0,1,0,0,1,0,0,0,0,0,1,-0.267742372425,0.489103606817
511,1,29.0,0,0,7.75,1,0,0,1,0,0,1,0,0,1,0,0,0,0,0,1,-0.047514091061,-0.492377827843
512,0,30.7057267793,0,0,8.05,1,0,0,0,1,0,1,0,0,1,0,0,0,0,0,1,0.0777023346307,-0.486337421687
513,1,36.0,0,0,26.2875,0,1,0,0,1,0,1,1,0,0,0,0,0,1,0,0,0.466351898788,-0.119131064122
514,1,54.0,1,0,59.4,1,0,1,0,0,1,0,1,0,0,1,0,0,0,0,0,1.78772158697,0.547578765344
515,0,24.0,0,0,7.4958,1,0,0,0,1,0,1,0,0,1,0,0,0,0,0,1,-0.414561226668,-0.497496065326
516,0,47.0,0,0,34.0208,0,1,0,0,1,0,1,1,0,0,0,0,0,1,0,0,1.27385559712,0.0365765122984
517,1,34.0,0,0,10.5,0,1,0,0,1,1,0,0,1,0,0,1,0,0,0,0,0.319533044546,-0.43700743808
518,0,34.1737486111,0,0,24.15,1,0,0,1,0,0,1,0,0,1,0,0,0,0,0,1,0.33228783055,-0.162168957983
519,1,36.0,1,0,26.0,1,0,0,0,1,1,0,0,1,0,0,1,0,0,0,0,0.466351898788,-0.124919786688
520,0,32.0,0,0,7.8958,1,0,0,0,1,0,1,0,0,1,0,0,0,0,0,1,0.172714190303,-0.489442190451
521,1,30.0,0,0,93.5,0,1,0,0,1,1,0,1,0,0,1,0,0,0,0,0,0.0258953360603,1.23417159841
522,0,22.0,0,0,7.8958,1,0,0,0,1,0,1,0,0,1,0,0,0,0,0,1,-0.56138008091,-0.489442190451
523,0,29.5182051421,0,0,7.225,1,0,1,0,0,0,1,0,0,1,0,0,0,0,0,1,-0.0094729484496,-0.502948538616
524,1,44.0,0,1,57.9792,0,1,1,0,0,1,0,1,0,0,1,0,0,0,0,0,1.05362731576,0.518971401789
525,0,22.8763068619,0,0,7.2292,1,0,1,0,0,0,1,0,0,1,0,0,0,0,0,1,-0.497050896197,-0.50286397293
526,0,40.5,0,0,7.75,1,0,0,1,0,0,1,0,0,1,0,0,0,0,0,1,0.796694320834,-0.492377827843
527,1,50.0,0,0,10.5,1,0,0,0,1,1,0,0,1,0,0,1,0,0,0,0,1.49408387849,-0.43700743808
528,0,38.5155,0,0,221.7792,0,1,0,0,1,0,1,1,0,0,0,0,0,1,0,0,0.651013312712,3.81703316295
529,0,39.0,0,0,7.925,1,0,0,0,1,0,1,0,0,1,0,0,0,0,0,1,0.686580180152,-0.488854257585
530,0,23.0,2,1,11.5,1,0,0,0,1,0,1,0,1,0,0,0,0,0,1,0,-0.487970653789,-0.416872750893
531,1,2.0,1,1,26.0,1,0,0,0,1,1,0,0,1,0,0,1,0,0,0,0,-2.02956862334,-0.124919786688
532,0,22.8763068619,0,0,7.2292,1,0,1,0,0,0,1,0,0,1,0,0,0,0,0,1,-0.497050896197,-0.50286397293
533,0,17.0,1,1,7.2292,1,0,1,0,0,0,1,0,0,1,0,0,0,0,0,1,-0.928427216517,-0.50286397293
534,1,8.01370297619,0,2,22.3583,1,0,1,0,0,1,0,0,0,1,0,0,1,0,0,0,-1.58810613298,-0.198244277015
535,0,30.0,0,0,8.6625,1,0,0,0,1,1,0,0,0,1,0,0,1,0,0,0,0.0258953360603,-0.474004925785
536,1,7.0,0,2,26.25,1,0,0,0,1,1,0,0,1,0,0,1,0,0,0,0,-1.66252148773,-0.119886114891
537,0,45.0,0,0,26.55,0,1,0,0,1,0,1,1,0,0,0,0,0,1,0,0,1.12703674288,-0.113845708735
538,1,30.0,0,0,106.425,1,0,1,0,0,1,0,1,0,0,1,0,0,0,0,0,0.0258953360603,1.49441243029
539,0,24.3302169643,0,0,14.5,1,0,0,0,1,0,1,0,0,1,0,0,0,0,0,1,-0.390320188494,-0.356468689333
540,1,22.0,0,2,49.5,0,1,1,0,0,1,0,1,0,0,1,0,0,0,0,0,-0.56138008091,0.348245362197
541,1,36.0,0,2,71.0,0,1,0,0,1,1,0,1,0,0,1,0,0,0,0,0,0.466351898788,0.781141136708
542,0,9.0,4,2,31.275,1,0,0,0,1,1,0,0,0,1,0,0,1,0,0,0,-1.51570263349,-0.0187093117785
543,0,11.0,4,2,31.275,1,0,0,0,1,1,0,0,0,1,0,0,1,0,0,0,-1.36888377924,-0.0187093117785
544,1,32.0,1,0,26.0,1,0,0,0,1,0,1,0,1,0,0,0,0,0,1,0,0.172714190303,-0.124919786688
545,0,50.0,1,0,106.425,0,1,1,0,0,0,1,1,0,0,0,0,0,1,0,0,1.49408387849,1.49441243029
546,0,64.0,0,0,26.0,1,0,0,0,1,0,1,1,0,0,0,0,0,1,0,0,2.52181585818,-0.124919786688
547,1,19.0,1,0,26.0,1,0,0,0,1,1,0,0,1,0,0,1,0,0,0,0,-0.781608362274,-0.124919786688
548,1,32.7950242827,0,0,13.8625,1,0,1,0,0,0,1,0,1,0,0,0,0,0,1,0,0.231076467441,-0.369304552415
549,0,33.0,1,1,20.525,1,0,0,0,1,0,1,0,0,1,0,0,0,0,0,1,0.246123617424,-0.235157199034
550,1,8.0,1,1,36.75,1,0,0,0,1,0,1,0,1,0,0,0,0,0,1,0,-1.58911206061,0.091528100568
551,1,17.0,0,2,110.8833,0,1,1,0,0,0,1,1,0,0,0,0,0,1,0,0,-0.928427216517,1.58417890618
552,0,27.0,0,0,26.0,1,0,0,0,1,0,1,0,1,0,0,0,0,0,1,0,-0.194332945304,-0.124919786688
553,0,26.3814249023,0,0,7.8292,1,0,0,1,0,0,1,0,0,1,0,0,0,0,0,1,-0.239742188854,-0.490783160618
554,1,22.0,0,0,7.225,1,0,1,0,0,0,1,0,0,1,0,0,0,0,0,1,-0.56138008091,-0.502948538616
555,1,22.0,0,0,7.775,1,0,0,0,1,1,0,0,0,1,0,0,1,0,0,0,-0.56138008091,-0.491874460663
556,0,62.0,0,0,26.55,1,0,0,0,1,0,1,1,0,0,0,0,0,1,0,0,2.37499700394,-0.113845708735
557,1,48.0,1,0,39.6,0,1,1,0,0,1,0,1,0,0,1,0,0,0,0,0,1.34726502424,0.14891195905
558,0,38.5155,0,0,227.525,1,0,1,0,0,0,1,1,0,0,0,0,0,1,0,0,0.651013312712,3.93272304859
559,1,39.0,1,1,79.65,0,1,0,0,1,1,0,1,0,0,1,0,0,0,0,0,0.686580180152,0.955306180872
560,1,36.0,1,0,17.4,1,0,0,0,1,1,0,0,0,1,0,0,1,0,0,0,0.466351898788,-0.298078096492
561,0,35.295824299,0,0,7.75,1,0,0,1,0,0,1,0,0,1,0,0,0,0,0,1,0.414658763987,-0.492377827843
562,0,40.0,0,0,7.8958,1,0,0,0,1,0,1,0,0,1,0,0,0,0,0,1,0.759989607273,-0.489442190451
563,0,28.0,0,0,13.5,1,0,0,0,1,0,1,0,1,0,0,0,0,0,1,0,-0.120923518182,-0.37660337652
564,0,30.7057267793,0,0,8.05,1,0,0,0,1,0,1,0,0,1,0,0,0,0,0,1,0.0777023346307,-0.486337421687
565,0,30.7057267793,0,0,8.05,1,0,0,0,1,1,0,0,0,1,0,0,1,0,0,0,0.0777023346307,-0.486337421687
566,0,24.0,2,0,24.15,1,0,0,0,1,0,1,0,0,1,0,0,0,0,0,1,-0.414561226668,-0.162168957983
567,0,19.0,0,0,7.8958,1,0,0,0,1,0,1,0,0,1,0,0,0,0,0,1,-0.781608362274,-0.489442190451
568,0,29.0,0,4,21.075,1,0,0,0,1,1,0,0,0,1,0,0,1,0,0,0,-0.047514091061,-0.224083121082
569,0,22.8763068619,0,0,7.2292,1,0,1,0,0,0,1,0,0,1,0,0,0,0,0,1,-0.497050896197,-0.50286397293
570,1,32.0,0,0,7.8542,1,0,0,0,1,0,1,0,0,1,0,0,0,0,0,1,0.172714190303,-0.490279793438
571,1,62.0,0,0,10.5,1,0,0,0,1,0,1,0,1,0,0,0,0,0,1,0,2.37499700394,-0.43700743808
572,1,53.0,2,0,51.4792,0,1,0,0,1,1,0,1,0,0,1,0,0,0,0,0,1.71431215985,0.388095935077
573,1,36.0,0,0,26.3875,0,1,0,0,1,0,1,1,0,0,0,0,0,1,0,0,0.466351898788,-0.117117595403
574,1,35.295824299,0,0,7.75,1,0,0,1,0,1,0,0,0,1,0,0,1,0,0,0,0.414658763987,-0.492377827843
575,0,16.0,0,0,8.05,1,0,0,0,1,0,1,0,0,1,0,0,0,0,0,1,-1.00183664364,-0.486337421687
576,0,19.0,0,0,14.5,1,0,0,0,1,0,1,0,0,1,0,0,0,0,0,1,-0.781608362274,-0.356468689333
577,1,34.0,0,0,13.0,1,0,0,0,1,1,0,0,1,0,0,1,0,0,0,0,0.319533044546,-0.386670720113
578,1,39.0,1,0,55.9,0,1,0,0,1,1,0,1,0,0,1,0,0,0,0,0,0.686580180152,0.477107360191
579,0,20.0701677309,1,0,14.4583,1,0,1,0,0,1,0,0,0,1,0,0,1,0,0,0,-0.703047962226,-0.357308305789
580,1,32.0,0,0,7.925,1,0,0,0,1,0,1,0,0,1,0,0,0,0,0,1,0.172714190303,-0.488854257585
581,1,25.0,1,1,30.0,1,0,0,0,1,1,0,0,1,0,0,1,0,0,0,0,-0.341151799546,-0.0443810379414
582,1,39.0,1,1,110.8833,0,1,1,0,0,1,0,1,0,0,1,0,0,0,0,0,0.686580180152,1.58417890618
583,0,54.0,0,0,26.0,1,0,0,0,1,0,1,0,1,0,0,0,0,0,1,0,1.78772158697,-0.124919786688
584,0,36.0,0,0,40.125,0,1,1,0,0,0,1,1,0,0,0,0,0,1,0,0,0.466351898788,0.159482669823
585,0,29.0429386548,0,0,8.7125,1,0,1,0,0,0,1,0,0,1,0,0,0,0,0,1,-0.0443619890103,-0.472998191426
586,1,18.0,0,2,79.65,0,1,0,0,1,1,0,1,0,0,1,0,0,0,0,0,-0.855017789395,0.955306180872
587,0,47.0,0,0,15.0,1,0,0,0,1,0,1,0,1,0,0,0,0,0,1,0,1.27385559712,-0.34640134574
588,1,60.0,1,1,79.2,0,1,1,0,0,0,1,1,0,0,0,0,0,1,0,0,2.2281781497,0.946245571638
589,0,22.0,0,0,8.05,1,0,0,0,1,0,1,0,0,1,0,0,0,0,0,1,-0.56138008091,-0.486337421687
590,0,30.7057267793,0,0,8.05,1,0,0,0,1,0,1,0,0,1,0,0,0,0,0,1,0.0777023346307,-0.486337421687
591,0,35.0,0,0,7.125,1,0,0,0,1,0,1,0,0,1,0,0,0,0,0,1,0.392942471667,-0.504962007335
592,1,52.0,1,0,78.2667,0,1,1,0,0,1,0,1,0,0,1,0,0,0,0,0,1.64090273273,0.927453868087
593,0,47.0,0,0,7.25,1,0,0,0,1,0,1,0,0,1,0,0,0,0,0,1,1.27385559712,-0.502445171436
594,0,27.4563942839,0,2,7.75,1,0,0,1,0,1,0,0,0,1,0,0,1,0,0,0,-0.160829302383,-0.492377827843
595,0,37.0,1,0,26.0,1,0,0,0,1,0,1,0,1,0,0,0,0,0,1,0,0.539761325909,-0.124919786688
596,0,36.0,1,1,24.15,1,0,0,0,1,0,1,0,0,1,0,0,0,0,0,1,0.466351898788,-0.162168957983
597,1,24.4023551379,0,0,33.0,1,0,0,0,1,1,0,0,1,0,0,1,0,0,0,0,-0.385024566494,0.0160230236183
598,0,49.0,0,0,0.0,1,0,0,0,1,0,1,0,0,1,0,0,0,0,0,1,1.42067445137,-0.648421653539
599,0,29.5182051421,0,0,7.225,1,0,1,0,0,0,1,0,0,1,0,0,0,0,0,1,-0.0094729484496,-0.502948538616
600,1,49.0,1,0,56.9292,0,1,1,0,0,0,1,1,0,0,0,0,0,1,0,0,1.42067445137,0.497829980244
601,1,24.0,2,1,27.0,1,0,0,0,1,1,0,0,1,0,0,1,0,0,0,0,-0.414561226668,-0.104785099501
602,0,27.9472061629,0,0,7.8958,1,0,0,0,1,0,1,0,0,1,0,0,0,0,0,1,-0.124799083517,-0.489442190451
603,0,37.5161583333,0,0,42.4,1,0,0,0,1,0,1,1,0,0,0,0,0,1,0,0,0.577652213463,0.205289083172
604,0,44.0,0,0,8.05,1,0,0,0,1,0,1,0,0,1,0,0,0,0,0,1,1.05362731576,-0.486337421687
605,1,35.0,0,0,26.55,1,0,1,0,0,0,1,1,0,0,0,0,0,1,0,0,0.392942471667,-0.113845708735
606,0,36.0,1,0,15.55,1,0,0,0,1,0,1,0,0,1,0,0,0,0,0,1,0.466351898788,-0.335327267788
607,0,30.0,0,0,7.8958,1,0,0,0,1,0,1,0,0,1,0,0,0,0,0,1,0.0258953360603,-0.489442190451
608,1,27.0,0,0,30.5,1,0,0,0,1,0,1,1,0,0,0,0,0,1,0,0,-0.194332945304,-0.0343136943481
609,1,22.0,1,2,41.5792,1,0,1,0,0,1,0,0,1,0,0,1,0,0,0,0,-0.56138008091,0.188762531929
610,1,40.0,0,0,153.4625,0,1,0,0,1,1,0,1,0,0,1,0,0,0,0,0,0.759989607273,2.44149777883
611,0,39.0,1,5,31.275,1,0,0,0,1,1,0,0,0,1,0,0,1,0,0,0,0.686580180152,-0.0187093117785
612,0,27.8687369866,0,0,7.05,1,0,0,0,1,0,1,0,0,1,0,0,0,0,0,1,-0.130559460796,-0.506472108874
613,1,33.1289853535,1,0,15.5,1,0,0,1,0,1,0,0,0,1,0,0,1,0,0,0,0.255592358334,-0.336334002147
614,0,35.295824299,0,0,7.75,1,0,0,1,0,0,1,0,0,1,0,0,0,0,0,1,0.414658763987,-0.492377827843
615,0,35.0,0,0,8.05,1,0,0,0,1,0,1,0,0,1,0,0,0,0,0,1,0.392942471667,-0.486337421687
616,1,24.0,1,2,65.0,1,0,0,0,1,1,0,0,1,0,0,1,0,0,0,0,-0.414561226668,0.660333013589
617,0,34.0,1,1,14.4,1,0,0,0,1,0,1,0,0,1,0,0,0,0,0,1,0.319533044546,-0.358482158052
618,0,26.0,1,0,16.1,1,0,0,0,1,1,0,0,0,1,0,0,1,0,0,0,-0.267742372425,-0.324253189835
619,1,4.0,2,1,39.0,0,1,0,0,1,1,0,0,1,0,0,1,0,0,0,0,-1.88274976909,0.136831146738
620,0,26.0,0,0,10.5,1,0,0,0,1,0,1,0,1,0,0,0,0,0,1,0,-0.267742372425,-0.43700743808
621,0,27.0,1,0,14.4542,1,0,1,0,0,0,1,0,0,1,0,0,0,0,0,1,-0.194332945304,-0.357390858007
622,1,42.0,1,0,52.5542,0,1,0,0,1,0,1,1,0,0,0,0,0,1,0,0,0.906808461516,0.409740723802
623,1,20.0,1,1,15.7417,1,0,1,0,0,0,1,0,0,1,0,0,0,0,0,1,-0.708198935153,-0.331467448254
624,0,21.0,0,0,7.8542,1,0,0,0,1,0,1,0,0,1,0,0,0,0,0,1,-0.634789508032,-0.490279793438
625,0,21.0,0,0,16.1,1,0,0,0,1,0,1,0,0,1,0,0,0,0,0,1,-0.634789508032,-0.324253189835
626,0,61.0,0,0,32.3208,0,1,0,0,1,0,1,1,0,0,0,0,0,1,0,0,2.30158757682,0.0023475440812
627,0,57.0,0,0,12.35,1,0,0,1,0,0,1,0,1,0,0,0,0,0,1,0,2.00794986834,-0.399758266785
628,1,21.0,0,0,77.9583,0,1,0,0,1,1,0,1,0,0,1,0,0,0,0,0,-0.634789508032,0.921244330559
629,0,26.0,0,0,7.8958,1,0,0,0,1,0,1,0,0,1,0,0,0,0,0,1,-0.267742372425,-0.489442190451
630,0,19.8955811267,0,0,7.7333,1,0,0,1,0,0,1,0,0,1,0,0,0,0,0,1,-0.715864264822,-0.492714077119
631,1,80.0,0,0,30.0,0,1,0,0,1,0,1,1,0,0,0,0,0,1,0,0,3.69636669213,-0.0443810379414
632,0,51.0,0,0,7.0542,1,0,0,0,1,0,1,0,0,1,0,0,0,0,0,1,1.56749330561,-0.506387543187
633,1,32.0,0,0,30.5,0,1,1,0,0,0,1,1,0,0,0,0,0,1,0,0,0.172714190303,-0.0343136943481
634,0,38.8347748377,0,0,0.0,1,0,0,0,1,0,1,1,0,0,0,0,0,1,0,0,0.674451095639,-0.648421653539
635,0,9.0,3,2,27.9,1,0,0,0,1,1,0,0,0,1,0,0,1,0,0,0,-1.51570263349,-0.0866638810332
636,1,28.0,0,0,13.0,1,0,0,0,1,1,0,0,1,0,0,1,0,0,0,0,-0.120923518182,-0.386670720113
637,0,32.0,0,0,7.925,1,0,0,0,1,0,1,0,0,1,0,0,0,0,0,1,0.172714190303,-0.488854257585
638,0,31.0,1,1,26.25,1,0,0,0,1,0,1,0,1,0,0,0,0,0,1,0,0.0993047631816,-0.119886114891
639,0,41.0,0,5,39.6875,1,0,0,0,1,1,0,0,0,1,0,0,1,0,0,0,0.833399034395,0.150673744179
640,0,26.6891684885,1,0,16.1,1,0,0,0,1,0,1,0,0,1,0,0,0,0,0,1,-0.217150908497,-0.324253189835
641,0,20.0,0,0,7.8542,1,0,0,0,1,0,1,0,0,1,0,0,0,0,0,1,-0.708198935153,-0.490279793438
642,1,24.0,0,0,69.3,0,1,1,0,0,1,0,1,0,0,1,0,0,0,0,0,-0.414561226668,0.746912168491
643,0,2.0,3,2,27.9,1,0,0,0,1,1,0,0,0,1,0,0,1,0,0,0,-2.02956862334,-0.0866638810332
644,1,29.568898088,0,0,56.4958,1,0,0,0,1,0,1,0,0,1,0,0,0,0,0,1,-0.00575160832883,0.489103606817
645,1,0.75,2,1,19.2583,1,0,1,0,0,1,0,0,0,1,0,0,1,0,0,0,-2.12133040724,-0.260661807294
646,1,48.0,1,0,76.7292,0,1,1,0,0,0,1,1,0,0,0,0,0,1,0,0,1.34726502424,0.896496786538
647,0,19.0,0,0,7.8958,1,0,0,0,1,0,1,0,0,1,0,0,0,0,0,1,-0.781608362274,-0.489442190451
648,1,56.0,0,0,35.5,0,1,1,0,0,0,1,1,0,0,0,0,0,1,0,0,1.93454044121,0.0663597415848
649,0,31.1083845238,0,0,7.55,1,0,0,0,1,0,1,0,0,1,0,0,0,0,0,1,0.107261208983,-0.49640476528
650,1,23.0,0,0,7.55,1,0,0,0,1,1,0,0,0,1,0,0,1,0,0,0,-0.487970653789,-0.49640476528
651,0,27.9472061629,0,0,7.8958,1,0,0,0,1,0,1,0,0,1,0,0,0,0,0,1,-0.124799083517,-0.489442190451
652,1,18.0,0,1,23.0,1,0,0,0,1,1,0,0,1,0,0,1,0,0,0,0,-0.855017789395,-0.185323848248
653,0,21.0,0,0,8.4333,1,0,0,0,1,0,1,0,0,1,0,0,0,0,0,1,-0.634789508032,-0.478619796088
654,1,26.3814249023,0,0,7.8292,1,0,0,1,0,1,0,0,0,1,0,0,1,0,0,0,-0.239742188854,-0.490783160618
655,0,18.0,0,0,6.75,1,0,0,1,0,1,0,0,0,1,0,0,1,0,0,0,-0.855017789395,-0.512512515029
656,0,24.0,2,0,73.5,1,0,0,0,1,0,1,0,1,0,0,0,0,0,1,0,-0.414561226668,0.831477854675
657,0,27.9472061629,0,0,7.8958,1,0,0,0,1,0,1,0,0,1,0,0,0,0,0,1,-0.124799083517,-0.489442190451
658,0,32.0,1,1,15.5,1,0,0,1,0,1,0,0,0,1,0,0,1,0,0,0,0.172714190303,-0.336334002147
659,0,23.0,0,0,13.0,1,0,0,0,1,0,1,0,1,0,0,0,0,0,1,0,-0.487970653789,-0.386670720113
660,0,58.0,0,2,113.275,0,1,1,0,0,0,1,1,0,0,0,0,0,1,0,0,2.08135929546,1.63233503752
661,1,50.0,2,0,133.65,1,0,0,0,1,0,1,1,0,0,0,0,0,1,0,0,1.49408387849,2.04257928895
662,0,40.0,0,0,7.225,1,0,1,0,0,0,1,0,0,1,0,0,0,0,0,1,0.759989607273,-0.502948538616
663,0,47.0,0,0,25.5875,0,1,0,0,1,0,1,1,0,0,0,0,0,1,0,0,1.27385559712,-0.133225345152
664,0,36.0,0,0,7.4958,1,0,0,0,1,0,1,0,0,1,0,0,0,0,0,1,0.466351898788,-0.497496065326
665,1,20.0,1,0,7.925,1,0,0,0,1,0,1,0,0,1,0,0,0,0,0,1,-0.708198935153,-0.488854257585
666,0,32.0,2,0,73.5,1,0,0,0,1,0,1,0,1,0,0,0,0,0,1,0,0.172714190303,0.831477854675
667,0,25.0,0,0,13.0,1,0,0,0,1,0,1,0,1,0,0,0,0,0,1,0,-0.341151799546,-0.386670720113
668,0,27.5154542629,0,0,7.775,1,0,0,0,1,0,1,0,0,1,0,0,0,0,0,1,-0.15649374316,-0.491874460663
669,0,43.0,0,0,8.05,1,0,0,0,1,0,1,0,0,1,0,0,0,0,0,1,0.980217888637,-0.486337421687
670,1,39.0881781385,1,0,52.0,0,1,0,0,1,1,0,1,0,0,1,0,0,0,0,0,0.693053286786,0.398582080163
671,1,40.0,1,1,39.0,1,0,0,0,1,1,0,0,1,0,0,1,0,0,0,0,0.759989607273,0.136831146738
672,0,31.0,1,0,52.0,0,1,0,0,1,0,1,1,0,0,0,0,0,1,0,0,0.0993047631816,0.398582080163
673,0,70.0,0,0,10.5,1,0,0,0,1,0,1,0,1,0,0,0,0,0,1,0,2.96227242091,-0.43700743808
674,1,31.0,0,0,13.0,1,0,0,0,1,0,1,0,1,0,0,0,0,0,1,0,0.0993047631816,-0.386670720113
675,0,35.0518175686,0,0,0.0,1,0,0,0,1,0,1,0,1,0,0,0,0,0,1,0,0.39674636969,-0.648421653539
676,0,18.0,0,0,7.775,1,0,0,0,1,0,1,0,0,1,0,0,0,0,0,1,-0.855017789395,-0.491874460663
677,0,24.5,0,0,8.05,1,0,0,0,1,0,1,0,0,1,0,0,0,0,0,1,-0.377856513107,-0.486337421687
678,1,18.0,0,0,9.8417,1,0,0,0,1,1,0,0,0,1,0,0,1,0,0,0,-0.855017789395,-0.450262102655
679,0,43.0,1,6,46.9,1,0,0,0,1,1,0,0,0,1,0,0,1,0,0,0,0.980217888637,0.295895175512
680,1,36.0,0,1,512.3292,0,1,1,0,0,0,1,1,0,0,0,0,0,1,0,0,0.466351898788,9.66716652501
681,0,23.4764323896,0,0,8.1375,1,0,0,1,0,1,0,0,0,1,0,0,1,0,0,0,-0.452996025003,-0.484575636558
682,1,27.0,0,0,76.7292,0,1,1,0,0,0,1,1,0,0,0,0,0,1,0,0,-0.194332945304,0.896496786538
683,0,20.0,0,0,9.225,1,0,0,0,1,0,1,0,0,1,0,0,0,0,0,1,-0.708198935153,-0.462679164243
684,0,14.0,5,2,46.9,1,0,0,0,1,0,1,0,0,1,0,0,0,0,0,1,-1.14865549788,0.295895175512
685,0,60.0,1,1,39.0,1,0,0,0,1,0,1,0,1,0,0,0,0,0,1,0,2.2281781497,0.136831146738
686,0,25.0,1,2,41.5792,1,0,1,0,0,0,1,0,1,0,0,0,0,0,1,0,-0.341151799546,0.188762531929
687,0,14.0,4,1,39.6875,1,0,0,0,1,0,1,0,0,1,0,0,0,0,0,1,-1.14865549788,0.150673744179
688,0,19.0,0,0,10.1708,1,0,0,0,1,0,1,0,0,1,0,0,0,0,0,1,-0.781608362274,-0.443635777102
689,0,18.0,0,0,7.7958,1,0,0,0,1,0,1,0,0,1,0,0,0,0,0,1,-0.855017789395,-0.49145565917
690,1,15.0,0,1,211.3375,0,1,0,0,1,1,0,1,0,0,1,0,0,0,0,0,-1.07524607076,3.60679279976
691,1,31.0,1,0,57.0,0,1,0,0,1,0,1,1,0,0,0,0,0,1,0,0,0.0993047631816,0.499255516096
692,1,4.0,0,1,13.4167,1,0,1,0,0,1,0,0,0,1,0,0,1,0,0,0,-1.88274976909,-0.378280595963
693,1,29.568898088,0,0,56.4958,1,0,0,0,1,0,1,0,0,1,0,0,0,0,0,1,-0.00575160832883,0.489103606817
694,0,25.0,0,0,7.225,1,0,1,0,0,0,1,0,0,1,0,0,0,0,0,1,-0.341151799546,-0.502948538616
695,0,60.0,0,0,26.55,1,0,0,0,1,0,1,1,0,0,0,0,0,1,0,0,2.2281781497,-0.113845708735
696,0,52.0,0,0,13.5,1,0,0,0,1,0,1,0,1,0,0,0,0,0,1,0,1.64090273273,-0.37660337652
697,0,44.0,0,0,8.05,1,0,0,0,1,0,1,0,0,1,0,0,0,0,0,1,1.05362731576,-0.486337421687
698,1,19.8955811267,0,0,7.7333,1,0,0,1,0,1,0,0,0,1,0,0,1,0,0,0,-0.715864264822,-0.492714077119
699,0,49.0,1,1,110.8833,0,1,1,0,0,0,1,1,0,0,0,0,0,1,0,0,1.42067445137,1.58417890618
700,0,42.0,0,0,7.65,0,1,0,0,1,0,1,0,0,1,0,0,0,0,0,1,0.906808461516,-0.494391296562
701,1,18.0,1,0,227.525,0,1,1,0,0,1,0,1,0,0,1,0,0,0,0,0,-0.855017789395,3.93272304859
702,1,35.0,0,0,26.2875,0,1,0,0,1,0,1,1,0,0,0,0,0,1,0,0,0.392942471667,-0.119131064122
703,0,18.0,0,1,14.4542,1,0,1,0,0,1,0,0,0,1,0,0,1,0,0,0,-0.855017789395,-0.357390858007
704,0,25.0,0,0,7.7417,1,0,0,1,0,0,1,0,0,1,0,0,0,0,0,1,-0.341151799546,-0.492544945747
705,0,26.0,1,0,7.8542,1,0,0,0,1,0,1,0,0,1,0,0,0,0,0,1,-0.267742372425,-0.490279793438
706,0,39.0,0,0,26.0,1,0,0,0,1,0,1,0,1,0,0,0,0,0,1,0,0.686580180152,-0.124919786688
707,1,45.0,0,0,13.5,1,0,0,0,1,1,0,0,1,0,0,1,0,0,0,0,1.12703674288,-0.37660337652
708,1,42.0,0,0,26.2875,0,1,0,0,1,0,1,1,0,0,0,0,0,1,0,0,0.906808461516,-0.119131064122
709,1,22.0,0,0,151.55,1,0,0,0,1,1,0,1,0,0,1,0,0,0,0,0,-0.56138008091,2.40299018959
710,1,17.0999159524,1,1,15.2458,1,0,1,0,0,0,1,0,0,1,0,0,0,0,0,1,-0.921092443692,-0.34145223963
711,1,24.0,0,0,49.5042,0,1,1,0,0,1,0,1,0,0,1,0,0,0,0,0,-0.414561226668,0.348329927883
712,0,49.8994093015,0,0,26.55,0,1,0,0,1,0,1,1,0,0,0,0,0,1,0,0,1.48669957294,-0.113845708735
713,1,48.0,1,0,52.0,0,1,0,0,1,0,1,1,0,0,0,0,0,1,0,0,1.34726502424,0.398582080163
714,0,29.0,0,0,9.4833,1,0,0,0,1,0,1,0,0,1,0,0,0,0,0,1,-0.047514091061,-0.457478374542
715,0,52.0,0,0,13.0,1,0,0,0,1,0,1,0,1,0,0,0,0,0,1,0,1.64090273273,-0.386670720113
716,0,19.0,0,0,7.65,0,1,0,0,1,0,1,0,0,1,0,0,0,0,0,1,-0.781608362274,-0.494391296562
717,1,38.0,0,0,227.525,0,1,1,0,0,1,0,1,0,0,1,0,0,0,0,0,0.613170753031,3.93272304859
718,1,27.0,0,0,10.5,0,1,0,0,1,1,0,0,1,0,0,1,0,0,0,0,-0.194332945304,-0.43700743808
719,0,27.3088739087,0,0,15.5,1,0,0,1,0,0,1,0,0,1,0,0,0,0,0,1,-0.171658688611,-0.336334002147
720,0,33.0,0,0,7.775,1,0,0,0,1,0,1,0,0,1,0,0,0,0,0,1,0.246123617424,-0.491874460663
721,1,6.0,0,1,33.0,1,0,0,0,1,1,0,0,1,0,0,1,0,0,0,0,-1.73593091485,0.0160230236183
722,0,17.0,1,0,7.0542,1,0,0,0,1,0,1,0,0,1,0,0,0,0,0,1,-0.928427216517,-0.506387543187
723,0,34.0,0,0,13.0,1,0,0,0,1,0,1,0,1,0,0,0,0,0,1,0,0.319533044546,-0.386670720113
724,0,50.0,0,0,13.0,1,0,0,0,1,0,1,0,1,0,0,0,0,0,1,0,1.49408387849,-0.386670720113
725,1,27.0,1,0,53.1,0,1,0,0,1,0,1,1,0,0,0,0,0,1,0,0,-0.194332945304,0.420730236069
726,0,20.0,0,0,8.6625,1,0,0,0,1,0,1,0,0,1,0,0,0,0,0,1,-0.708198935153,-0.474004925785
727,1,30.0,3,0,21.0,1,0,0,0,1,1,0,0,1,0,0,1,0,0,0,0,0.0258953360603,-0.225593222621
728,1,19.8955811267,0,0,7.7375,1,0,0,1,0,1,0,0,0,1,0,0,1,0,0,0,-0.715864264822,-0.492629511433
729,0,25.0,1,0,26.0,1,0,0,0,1,0,1,0,1,0,0,0,0,0,1,0,-0.341151799546,-0.124919786688
730,0,25.0,1,0,7.925,1,0,0,0,1,1,0,0,0,1,0,0,1,0,0,0,-0.341151799546,-0.488854257585
731,1,29.0,0,0,211.3375,0,1,0,0,1,1,0,1,0,0,1,0,0,0,0,0,-0.047514091061,3.60679279976
732,0,11.0,0,0,18.7875,1,0,1,0,0,0,1,0,0,1,0,0,0,0,0,1,-1.36888377924,-0.270141218021
733,0,35.0518175686,0,0,0.0,1,0,0,0,1,0,1,0,1,0,0,0,0,0,1,0,0.39674636969,-0.648421653539
734,0,23.0,0,0,13.0,1,0,0,0,1,0,1,0,1,0,0,0,0,0,1,0,-0.487970653789,-0.386670720113
735,0,23.0,0,0,13.0,1,0,0,0,1,0,1,0,1,0,0,0,0,0,1,0,-0.487970653789,-0.386670720113
736,0,28.5,0,0,16.1,1,0,0,0,1,0,1,0,0,1,0,0,0,0,0,1,-0.0842188046217,-0.324253189835
737,0,48.0,1,3,34.375,1,0,0,0,1,1,0,0,0,1,0,0,1,0,0,0,1.34726502424,0.0437082184999
738,1,35.0,0,0,512.3292,0,1,1,0,0,0,1,1,0,0,0,0,0,1,0,0,0.392942471667,9.66716652501
739,0,27.9472061629,0,0,7.8958,1,0,0,0,1,0,1,0,0,1,0,0,0,0,0,1,-0.124799083517,-0.489442190451
740,0,27.9472061629,0,0,7.8958,1,0,0,0,1,0,1,0,0,1,0,0,0,0,0,1,-0.124799083517,-0.489442190451
741,1,38.4266317502,0,0,30.0,0,1,0,0,1,0,1,1,0,0,0,0,0,1,0,0,0.644489545404,-0.0443810379414
742,0,36.0,1,0,78.85,0,1,0,0,1,0,1,1,0,0,0,0,0,1,0,0,0.466351898788,0.939198431123
743,1,21.0,2,2,262.375,0,1,1,0,0,1,0,1,0,0,1,0,0,0,0,0,-0.634789508032,4.63441689704
744,0,24.0,1,0,16.1,1,0,0,0,1,0,1,0,0,1,0,0,0,0,0,1,-0.414561226668,-0.324253189835
745,1,31.0,0,0,7.925,1,0,0,0,1,0,1,0,0,1,0,0,0,0,0,1,0.0993047631816,-0.488854257585
746,0,70.0,1,1,71.0,0,1,0,0,1,0,1,1,0,0,0,0,0,1,0,0,2.96227242091,0.781141136708
747,0,16.0,1,1,20.25,1,0,0,0,1,0,1,0,0,1,0,0,0,0,0,1,-1.00183664364,-0.240694238011
748,1,30.0,0,0,13.0,1,0,0,0,1,1,0,0,1,0,0,1,0,0,0,0,0.0258953360603,-0.386670720113
749,0,19.0,1,0,53.1,0,1,0,0,1,0,1,1,0,0,0,0,0,1,0,0,-0.781608362274,0.420730236069
750,0,31.0,0,0,7.75,1,0,0,1,0,0,1,0,0,1,0,0,0,0,0,1,0.0993047631816,-0.492377827843
751,1,4.0,1,1,23.0,1,0,0,0,1,1,0,0,1,0,0,1,0,0,0,0,-1.88274976909,-0.185323848248
752,1,6.0,0,1,12.475,0,1,0,0,1,0,1,0,0,1,0,0,0,0,0,1,-1.73593091485,-0.397241430886
753,0,33.0,0,0,9.5,1,0,0,0,1,0,1,0,0,1,0,0,0,0,0,1,0.246123617424,-0.457142125266
754,0,23.0,0,0,7.8958,1,0,0,0,1,0,1,0,0,1,0,0,0,0,0,1,-0.487970653789,-0.489442190451
755,1,48.0,1,2,65.0,1,0,0,0,1,1,0,0,1,0,0,1,0,0,0,0,1.34726502424,0.660333013589
756,1,0.67,1,1,14.5,1,0,0,0,1,0,1,0,1,0,0,0,0,0,1,0,-2.12720316141,-0.356468689333
757,0,28.0,0,0,7.7958,1,0,0,0,1,0,1,0,0,1,0,0,0,0,0,1,-0.120923518182,-0.49145565917
758,0,18.0,0,0,11.5,1,0,0,0,1,0,1,0,1,0,0,0,0,0,1,0,-0.855017789395,-0.416872750893
759,0,34.0,0,0,8.05,1,0,0,0,1,0,1,0,0,1,0,0,0,0,0,1,0.319533044546,-0.486337421687
760,1,33.0,0,0,86.5,0,1,0,0,1,1,0,1,0,0,1,0,0,0,0,0,0.246123617424,1.0932287881
761,0,24.3302169643,0,0,14.5,1,0,0,0,1,0,1,0,0,1,0,0,0,0,0,1,-0.390320188494,-0.356468689333
762,0,41.0,0,0,7.125,1,0,0,0,1,0,1,0,0,1,0,0,0,0,0,1,0.833399034395,-0.504962007335
763,1,20.0,0,0,7.2292,1,0,1,0,0,0,1,0,0,1,0,0,0,0,0,1,-0.708198935153,-0.50286397293
764,1,36.0,1,2,120.0,0,1,0,0,1,1,0,1,0,0,1,0,0,0,0,0,0.466351898788,1.76774080885
765,0,16.0,0,0,7.775,1,0,0,0,1,0,1,0,0,1,0,0,0,0,0,1,-1.00183664364,-0.491874460663
766,1,51.0,1,0,77.9583,0,1,0,0,1,1,0,1,0,0,1,0,0,0,0,0,1.56749330561,0.921244330559
767,0,39.174902381,0,0,39.6,1,0,1,0,0,0,1,1,0,0,0,0,0,1,0,0,0.69941966374,0.14891195905
768,0,30.5,0,0,7.75,1,0,0,1,0,1,0,0,0,1,0,0,1,0,0,0,0.062600049621,-0.492377827843
769,0,33.551175909,1,0,24.15,1,0,0,1,0,0,1,0,0,1,0,0,0,0,0,1,0.286585125145,-0.162168957983
770,0,32.0,0,0,8.3625,1,0,0,0,1,0,1,0,0,1,0,0,0,0,0,1,0.172714190303,-0.480045331941
771,0,24.0,0,0,9.5,1,0,0,0,1,0,1,0,0,1,0,0,0,0,0,1,-0.414561226668,-0.457142125266
772,0,48.0,0,0,7.8542,1,0,0,0,1,0,1,0,0,1,0,0,0,0,0,1,1.34726502424,-0.490279793438
773,0,57.0,0,0,10.5,0,1,0,0,1,1,0,0,1,0,0,1,0,0,0,0,2.00794986834,-0.43700743808
774,0,29.5182051421,0,0,7.225,1,0,1,0,0,0,1,0,0,1,0,0,0,0,0,1,-0.0094729484496,-0.502948538616
775,1,54.0,1,3,23.0,1,0,0,0,1,1,0,0,1,0,0,1,0,0,0,0,1.78772158697,-0.185323848248
776,0,18.0,0,0,7.75,1,0,0,0,1,0,1,0,0,1,0,0,0,0,0,1,-0.855017789395,-0.492377827843
777,0,35.295824299,0,0,7.75,0,1,0,1,0,0,1,0,0,1,0,0,0,0,0,1,0.414658763987,-0.492377827843
778,1,5.0,0,0,12.475,1,0,0,0,1,1,0,0,0,1,0,0,1,0,0,0,-1.80934034197,-0.397241430886
779,0,19.8955811267,0,0,7.7375,1,0,0,1,0,0,1,0,0,1,0,0,0,0,0,1,-0.715864264822,-0.492629511433
780,1,43.0,0,1,211.3375,0,1,0,0,1,1,0,1,0,0,1,0,0,0,0,0,0.980217888637,3.60679279976
781,1,13.0,0,0,7.2292,1,0,1,0,0,1,0,0,0,1,0,0,1,0,0,0,-1.222064925,-0.50286397293
782,1,17.0,1,0,57.0,0,1,0,0,1,1,0,1,0,0,1,0,0,0,0,0,-0.928427216517,0.499255516096
783,0,29.0,0,0,30.0,0,1,0,0,1,0,1,1,0,0,0,0,0,1,0,0,-0.047514091061,-0.0443810379414
784,0,16.1939501984,1,2,23.45,1,0,0,0,1,0,1,0,0,1,0,0,0,0,0,1,-0.987598870683,-0.176263239014
785,0,25.0,0,0,7.05,1,0,0,0,1,0,1,0,0,1,0,0,0,0,0,1,-0.341151799546,-0.506472108874
786,0,25.0,0,0,7.25,1,0,0,0,1,0,1,0,0,1,0,0,0,0,0,1,-0.341151799546,-0.502445171436
787,1,18.0,0,0,7.4958,1,0,0,0,1,1,0,0,0,1,0,0,1,0,0,0,-0.855017789395,-0.497496065326
788,0,8.0,4,1,29.125,1,0,0,1,0,0,1,0,0,1,0,0,0,0,0,1,-1.58911206061,-0.0619988892297
789,1,1.0,1,2,20.575,1,0,0,0,1,0,1,0,0,1,0,0,0,0,0,1,-2.10297805046,-0.234150464675
790,0,46.0,0,0,79.2,0,1,1,0,0,0,1,1,0,0,0,0,0,1,0,0,1.20044617,0.946245571638
791,0,35.295824299,0,0,7.75,1,0,0,1,0,0,1,0,0,1,0,0,0,0,0,1,0.414658763987,-0.492377827843
792,0,16.0,0,0,26.0,1,0,0,0,1,0,1,0,1,0,0,0,0,0,1,0,-1.00183664364,-0.124919786688
793,0,10.8698669567,8,2,69.55,1,0,0,0,1,1,0,0,0,1,0,0,1,0,0,0,-1.37843677141,0.751945840288
794,0,50.3832842713,0,0,30.6958,1,0,1,0,0,0,1,1,0,0,0,0,0,1,0,0,1.52222055727,-0.030371322597
795,0,25.0,0,0,7.8958,1,0,0,0,1,0,1,0,0,1,0,0,0,0,0,1,-0.341151799546,-0.489442190451
796,0,39.0,0,0,13.0,1,0,0,0,1,0,1,0,1,0,0,0,0,0,1,0,0.686580180152,-0.386670720113
797,1,49.0,0,0,25.9292,0,1,0,0,1,1,0,1,0,0,1,0,0,0,0,0,1.42067445137,-0.126345322541
798,1,31.0,0,0,8.6833,1,0,0,0,1,1,0,0,0,1,0,0,1,0,0,0,0.0993047631816,-0.473586124292
799,0,30.0,0,0,7.2292,1,0,1,0,0,0,1,0,0,1,0,0,0,0,0,1,0.0258953360603,-0.50286397293
800,0,30.0,1,1,24.15,1,0,0,0,1,1,0,0,0,1,0,0,1,0,0,0,0.0258953360603,-0.162168957983
801,0,34.0,0,0,13.0,1,0,0,0,1,0,1,0,1,0,0,0,0,0,1,0,0.319533044546,-0.386670720113
802,1,31.0,1,1,26.25,1,0,0,0,1,1,0,0,1,0,0,1,0,0,0,0,0.0993047631816,-0.119886114891
803,1,11.0,1,2,120.0,0,1,0,0,1,0,1,1,0,0,0,0,0,1,0,0,-1.36888377924,1.76774080885
804,1,0.42,0,1,8.5167,1,0,1,0,0,0,1,0,0,1,0,0,0,0,0,1,-2.14555551819,-0.476940563177
805,1,27.0,0,0,6.975,1,0,0,0,1,0,1,0,0,1,0,0,0,0,0,1,-0.194332945304,-0.507982210413
806,0,31.0,0,0,7.775,1,0,0,0,1,0,1,0,0,1,0,0,0,0,0,1,0.0993047631816,-0.491874460663
807,0,39.0,0,0,0.0,0,1,0,0,1,0,1,1,0,0,0,0,0,1,0,0,0.686580180152,-0.648421653539
808,0,18.0,0,0,7.775,1,0,0,0,1,1,0,0,0,1,0,0,1,0,0,0,-0.855017789395,-0.491874460663
809,0,39.0,0,0,13.0,1,0,0,0,1,0,1,0,1,0,0,0,0,0,1,0,0.686580180152,-0.386670720113
810,1,33.0,1,0,53.1,0,1,0,0,1,1,0,1,0,0,1,0,0,0,0,0,0.246123617424,0.420730236069
811,0,26.0,0,0,7.8875,1,0,0,0,1,0,1,0,0,1,0,0,0,0,0,1,-0.267742372425,-0.489609308355
812,0,39.0,0,0,24.15,1,0,0,0,1,0,1,0,0,1,0,0,0,0,0,1,0.686580180152,-0.162168957983
813,0,35.0,0,0,10.5,1,0,0,0,1,0,1,0,1,0,0,0,0,0,1,0,0.392942471667,-0.43700743808
814,0,6.0,4,2,31.275,1,0,0,0,1,1,0,0,0,1,0,0,1,0,0,0,-1.73593091485,-0.0187093117785
815,0,30.5,0,0,8.05,1,0,0,0,1,0,1,0,0,1,0,0,0,0,0,1,0.062600049621,-0.486337421687
816,0,38.8347748377,0,0,0.0,0,1,0,0,1,0,1,1,0,0,0,0,0,1,0,0,0.674451095639,-0.648421653539
817,0,23.0,0,0,7.925,1,0,0,0,1,1,0,0,0,1,0,0,1,0,0,0,-0.487970653789,-0.488854257585
818,0,31.0,1,1,37.0042,1,0,1,0,0,0,1,0,1,0,0,0,0,0,1,0,0.0993047631816,0.0966463380508
819,0,43.0,0,0,6.45,1,0,0,0,1,0,1,0,0,1,0,0,0,0,0,1,0.980217888637,-0.518552921185
820,0,10.0,3,2,27.9,1,0,0,0,1,0,1,0,0,1,0,0,0,0,0,1,-1.44229320637,-0.0866638810332
821,1,52.0,1,1,93.5,0,1,0,0,1,1,0,1,0,0,1,0,0,0,0,0,1.64090273273,1.23417159841
822,1,27.0,0,0,8.6625,1,0,0,0,1,0,1,0,0,1,0,0,0,0,0,1,-0.194332945304,-0.474004925785
823,0,38.0,0,0,0.0,1,0,0,0,1,0,1,1,0,0,0,0,0,1,0,0,0.613170753031,-0.648421653539
824,1,27.0,0,1,12.475,0,1,0,0,1,1,0,0,0,1,0,0,1,0,0,0,-0.194332945304,-0.397241430886
825,0,2.0,4,1,39.6875,1,0,0,0,1,0,1,0,0,1,0,0,0,0,0,1,-2.02956862334,0.150673744179
826,0,35.0978789807,0,0,6.95,1,0,0,1,0,0,1,0,0,1,0,0,0,0,0,1,0.40012771157,-0.508485577592
827,0,29.568898088,0,0,56.4958,1,0,0,0,1,0,1,0,0,1,0,0,0,0,0,1,-0.00575160832883,0.489103606817
828,1,1.0,0,2,37.0042,1,0,1,0,0,0,1,0,1,0,0,0,0,0,1,0,-2.10297805046,0.0966463380508
829,1,35.295824299,0,0,7.75,1,0,0,1,0,0,1,0,0,1,0,0,0,0,0,1,0.414658763987,-0.492377827843
830,1,62.0,0,0,80.0,0,1,0,0,0,1,0,1,0,0,1,0,0,0,0,0,2.37499700394,0.962353321388
831,1,15.0,1,0,14.4542,1,0,1,0,0,1,0,0,0,1,0,0,1,0,0,0,-1.07524607076,-0.357390858007
832,1,0.83,1,1,18.75,1,0,0,0,1,0,1,0,1,0,0,0,0,0,1,0,-2.11545765307,-0.27089626879
833,0,22.8763068619,0,0,7.2292,1,0,1,0,0,0,1,0,0,1,0,0,0,0,0,1,-0.497050896197,-0.50286397293
834,0,23.0,0,0,7.8542,1,0,0,0,1,0,1,0,0,1,0,0,0,0,0,1,-0.487970653789,-0.490279793438
835,0,18.0,0,0,8.3,1,0,0,0,1,0,1,0,0,1,0,0,0,0,0,1,-0.855017789395,-0.48130374989
836,1,39.0,1,1,83.1583,0,1,1,0,0,1,0,1,0,0,1,0,0,0,0,0,0.686580180152,1.02594470393
837,0,21.0,0,0,8.6625,1,0,0,0,1,0,1,0,0,1,0,0,0,0,0,1,-0.634789508032,-0.474004925785
838,0,30.7057267793,0,0,8.05,1,0,0,0,1,0,1,0,0,1,0,0,0,0,0,1,0.0777023346307,-0.486337421687
839,1,32.0,0,0,56.4958,1,0,0,0,1,0,1,0,0,1,0,0,0,0,0,1,0.172714190303,0.489103606817
840,1,50.9109501263,0,0,29.7,0,1,1,0,0,0,1,1,0,0,0,0,0,1,0,0,1.56095620539,-0.0504214440974
841,0,20.0,0,0,7.925,1,0,0,0,1,0,1,0,0,1,0,0,0,0,0,1,-0.708198935153,-0.488854257585
842,0,16.0,0,0,10.5,1,0,0,0,1,0,1,0,1,0,0,0,0,0,1,0,-1.00183664364,-0.43700743808
843,1,30.0,0,0,31.0,1,0,1,0,0,1,0,1,0,0,1,0,0,0,0,0,0.0258953360603,-0.0242463507548
844,0,34.5,0,0,6.4375,1,0,1,0,0,0,1,0,0,1,0,0,0,0,0,1,0.356237758106,-0.518804604775
845,0,17.0,0,0,8.6625,1,0,0,0,1,0,1,0,0,1,0,0,0,0,0,1,-0.928427216517,-0.474004925785
846,0,42.0,0,0,7.55,1,0,0,0,1,0,1,0,0,1,0,0,0,0,0,1,0.906808461516,-0.49640476528
847,0,10.8698669567,8,2,69.55,1,0,0,0,1,0,1,0,0,1,0,0,0,0,0,1,-1.37843677141,0.751945840288
848,0,35.0,0,0,7.8958,1,0,1,0,0,0,1,0,0,1,0,0,0,0,0,1,0.392942471667,-0.489442190451
849,0,28.0,0,1,33.0,1,0,0,0,1,0,1,0,1,0,0,0,0,0,1,0,-0.120923518182,0.0160230236183
850,1,43.9647644841,1,0,89.1042,0,1,1,0,0,1,0,1,0,0,1,0,0,0,0,0,1.05104069672,1.14566354047
851,0,4.0,4,2,31.275,1,0,0,0,1,0,1,0,0,1,0,0,0,0,0,1,-1.88274976909,-0.0187093117785
852,0,74.0,0,0,7.775,1,0,0,0,1,0,1,0,0,1,0,0,0,0,0,1,3.2559101294,-0.491874460663
853,0,9.0,1,1,15.2458,1,0,1,0,0,1,0,0,0,1,0,0,1,0,0,0,-1.51570263349,-0.34145223963
854,1,16.0,0,1,39.4,0,1,0,0,1,1,0,1,0,0,1,0,0,0,0,0,-1.00183664364,0.144885021612
855,0,44.0,1,0,26.0,1,0,0,0,1,1,0,0,1,0,0,1,0,0,0,0,1.05362731576,-0.124919786688
856,1,18.0,0,1,9.35,1,0,0,0,1,1,0,0,0,1,0,0,1,0,0,0,-0.855017789395,-0.460162328344
857,1,45.0,1,1,164.8667,1,0,0,0,1,1,0,1,0,0,1,0,0,0,0,0,1.12703674288,2.67111777845
858,1,51.0,0,0,26.55,0,1,0,0,1,0,1,1,0,0,0,0,0,1,0,0,1.56749330561,-0.113845708735
859,1,24.0,0,3,19.2583,1,0,1,0,0,1,0,0,0,1,0,0,1,0,0,0,-0.414561226668,-0.260661807294
860,0,22.8763068619,0,0,7.2292,1,0,1,0,0,0,1,0,0,1,0,0,0,0,0,1,-0.497050896197,-0.50286397293
861,0,41.0,2,0,14.1083,1,0,0,0,1,0,1,0,0,1,0,0,0,0,0,1,0.833399034395,-0.364355446304
862,0,21.0,1,0,11.5,1,0,0,0,1,0,1,0,1,0,0,0,0,0,1,0,-0.634789508032,-0.416872750893
863,1,48.0,0,0,25.9292,0,1,0,0,1,1,0,1,0,0,1,0,0,0,0,0,1.34726502424,-0.126345322541
864,0,10.8698669567,8,2,69.55,1,0,0,0,1,1,0,0,0,1,0,0,1,0,0,0,-1.37843677141,0.751945840288
865,0,24.0,0,0,13.0,1,0,0,0,1,0,1,0,1,0,0,0,0,0,1,0,-0.414561226668,-0.386670720113
866,1,42.0,0,0,13.0,1,0,0,0,1,1,0,0,1,0,0,1,0,0,0,0,0.906808461516,-0.386670720113
867,1,27.0,1,0,13.8583,1,0,1,0,0,1,0,0,1,0,0,1,0,0,0,0,-0.194332945304,-0.369389118101
868,0,31.0,0,0,50.4958,0,1,0,0,1,0,1,1,0,0,0,0,0,1,0,0,0.0993047631816,0.368295483697
869,0,25.977889156,0,0,9.5,1,0,0,0,1,0,1,0,0,1,0,0,0,0,0,1,-0.269365516814,-0.457142125266
870,1,4.0,1,1,11.1333,1,0,0,0,1,0,1,0,0,1,0,0,0,0,0,1,-1.88274976909,-0.424256140685
871,0,26.0,0,0,7.8958,1,0,0,0,1,0,1,0,0,1,0,0,0,0,0,1,-0.267742372425,-0.489442190451
872,1,47.0,1,1,52.5542,0,1,0,0,1,1,0,1,0,0,1,0,0,0,0,0,1.27385559712,0.409740723802
873,0,33.0,0,0,5.0,0,1,0,0,1,0,1,1,0,0,0,0,0,1,0,0,0.246123617424,-0.547748217606
874,0,47.0,0,0,9.0,1,0,0,0,1,0,1,0,0,1,0,0,0,0,0,1,1.27385559712,-0.46720946886
875,1,28.0,1,0,24.0,1,0,1,0,0,1,0,0,1,0,0,1,0,0,0,0,-0.120923518182,-0.165189161061
876,1,15.0,0,0,7.225,1,0,1,0,0,1,0,0,0,1,0,0,1,0,0,0,-1.07524607076,-0.502948538616
877,0,20.0,0,0,9.8458,1,0,0,0,1,0,1,0,0,1,0,0,0,0,0,1,-0.708198935153,-0.450179550437
878,0,19.0,0,0,7.8958,1,0,0,0,1,0,1,0,0,1,0,0,0,0,0,1,-0.781608362274,-0.489442190451
879,0,27.9472061629,0,0,7.8958,1,0,0,0,1,0,1,0,0,1,0,0,0,0,0,1,-0.124799083517,-0.489442190451
880,1,56.0,0,1,83.1583,0,1,1,0,0,1,0,1,0,0,1,0,0,0,0,0,1.93454044121,1.02594470393
881,1,25.0,0,1,26.0,1,0,0,0,1,1,0,0,1,0,0,1,0,0,0,0,-0.341151799546,-0.124919786688
882,0,33.0,0,0,7.8958,1,0,0,0,1,0,1,0,0,1,0,0,0,0,0,1,0.246123617424,-0.489442190451
883,0,22.0,0,0,10.5167,1,0,0,0,1,1,0,0,0,1,0,0,1,0,0,0,-0.56138008091,-0.436671188804
884,0,28.0,0,0,10.5,1,0,0,0,1,0,1,0,1,0,0,0,0,0,1,0,-0.120923518182,-0.43700743808
885,0,25.0,0,0,7.05,1,0,0,0,1,0,1,0,0,1,0,0,0,0,0,1,-0.341151799546,-0.506472108874
886,0,39.0,0,5,29.125,1,0,0,1,0,1,0,0,0,1,0,0,1,0,0,0,0.686580180152,-0.0619988892297
887,0,27.0,0,0,13.0,1,0,0,0,1,0,1,0,1,0,0,0,0,0,1,0,-0.194332945304,-0.386670720113
888,1,19.0,0,0,30.0,0,1,0,0,1,1,0,1,0,0,1,0,0,0,0,0,-0.781608362274,-0.0443810379414
889,0,16.1939501984,1,2,23.45,1,0,0,0,1,1,0,0,0,1,0,0,1,0,0,0,-0.987598870683,-0.176263239014
890,1,26.0,0,0,30.0,0,1,1,0,0,0,1,1,0,0,0,0,0,1,0,0,-0.267742372425,-0.0443810379414
891,0,32.0,0,0,7.75,1,0,0,1,0,0,1,0,0,1,0,0,0,0,0,1,0.172714190303,-0.492377827843
